,dep,lemma,tag
0,['  head_token_index: 2'],"['lemma: ""Autoridad""']",['  tag: NOUN']
1,[],"['lemma: ""venezolano""']",['  tag: ADJ']
2,['  head_token_index: 2'],"['lemma: ""admitir""']",['  tag: VERB']
3,['  head_token_index: 2'],"['lemma: ""paso""']",['  tag: NOUN']
4,['  head_token_index: 3'],"['lemma: ""de""']",['  tag: ADP']
5,['  head_token_index: 4'],"['lemma: ""estudiante""']",['  tag: NOUN']
6,['  head_token_index: 5'],"['lemma: ""y""']",['  tag: CONJ']
7,['  head_token_index: 5'],"['lemma: ""enfermo""']",['  tag: NOUN']
8,['  head_token_index: 2'],"['lemma: ""...""']",['  tag: PUNCT']
9,['  head_token_index: 1'],"['lemma: ""20""']",['  tag: NUM']
10,['  head_token_index: 1'],"['lemma: ""año""']",['  tag: NOUN']
11,['  head_token_index: 1'],"['lemma: ""de""']",['  tag: ADP']
12,['  head_token_index: 2'],"['lemma: ""cárcel""']",['  tag: NOUN']
13,['  head_token_index: 1'],"['lemma: ""para""']",['  tag: ADP']
14,['  head_token_index: 6'],"['lemma: ""dos""']",['  tag: NUM']
15,['  head_token_index: 4'],"['lemma: ""venezolano""']",['  tag: NOUN']
16,['  head_token_index: 8'],"['lemma: ""que""']",['  tag: PRON']
17,['  head_token_index: 6'],"['lemma: ""asesinar""']",['  tag: VERB']
18,['  head_token_index: 8'],"['lemma: ""a""']",['  tag: ADP']
19,['  head_token_index: 9'],"['lemma: ""reciclador""']",['  tag: NOUN']
20,['  head_token_index: 2'],"['lemma: ""El""']",['  tag: DET']
21,['  head_token_index: 2'],"['lemma: ""\\\'""']",['  tag: PUNCT']
22,['  head_token_index: 2'],"['lemma: ""mami""']",['  tag: NOUN']
23,['  head_token_index: 2'],"['lemma: ""\\\'""']",['  tag: PUNCT']
24,['  head_token_index: 2'],"['lemma: ""de""']",['  tag: ADP']
25,['  head_token_index: 6'],"['lemma: ""El""']",['  tag: DET']
26,['  head_token_index: 4'],"['lemma: ""Parada""']",['  tag: NOUN']
27,['  head_token_index: 9'],"['lemma: "",""']",['  tag: PUNCT']
28,['  head_token_index: 9'],"['lemma: ""un""']",['  tag: DET']
29,['  head_token_index: 2'],"['lemma: ""luz""']",['  tag: NOUN']
30,['  head_token_index: 9'],"['lemma: ""para""']",['  tag: ADP']
31,['  head_token_index: 12'],"['lemma: ""el""']",['  tag: DET']
32,['  head_token_index: 10'],"['lemma: ""migrante""']",['  tag: NOUN']
33,['  head_token_index: 14'],"['lemma: ""(""']",['  tag: PUNCT']
34,['  head_token_index: 12'],"['lemma: ""Venezolano""']",['  tag: ADJ']
35,['  head_token_index: 14'],"['lemma: ""en""']",['  tag: ADP']
36,['  head_token_index: 2'],"['lemma: ""...""']",['  tag: PUNCT']
37,['  head_token_index: 1'],"['lemma: ""Cuatro""']",['  tag: NUM']
38,['  head_token_index: 1'],"['lemma: ""detener""']",['  tag: VERB']
39,['  head_token_index: 1'],"['lemma: ""en""']",['  tag: ADP']
40,['  head_token_index: 2'],"['lemma: ""España""']",['  tag: NOUN']
41,['  head_token_index: 1'],"['lemma: ""por""']",['  tag: ADP']
42,['  head_token_index: 4'],"['lemma: ""explotar""']",['  tag: VERB']
43,['  head_token_index: 5'],"['lemma: ""sexualmente""']",['  tag: ADV']
44,['  head_token_index: 5'],"['lemma: ""a""']",['  tag: ADP']
45,['  head_token_index: 7'],"['lemma: ""mujer""']",['  tag: NOUN']
46,['  head_token_index: 1'],"['lemma: ""...""']",['  tag: PUNCT']
47,['  head_token_index: 7'],"['lemma: ""Por""']",['  tag: ADP']
48,['  head_token_index: 2'],"['lemma: ""falso""']",['  tag: ADJ']
49,[],"['lemma: ""promesa""']",['  tag: NOUN']
50,['  head_token_index: 2'],"['lemma: ""de""']",['  tag: ADP']
51,['  head_token_index: 3'],"['lemma: ""trabajo""']",['  tag: NOUN']
52,['  head_token_index: 6'],"['lemma: "",""']",['  tag: PUNCT']
53,['  head_token_index: 2'],"['lemma: ""venezolano""']",['  tag: ADJ']
54,['  head_token_index: 7'],"['lemma: ""terminar""']",['  tag: VERB']
55,['  head_token_index: 7'],"['lemma: ""...""']",['  tag: PUNCT']
56,['  head_token_index: 1'],"['lemma: ""Cuatro""']",['  tag: NUM']
57,['  head_token_index: 1'],"['lemma: ""detener""']",['  tag: VERB']
58,['  head_token_index: 1'],"['lemma: ""en""']",['  tag: ADP']
59,['  head_token_index: 2'],"['lemma: ""España""']",['  tag: NOUN']
60,['  head_token_index: 1'],"['lemma: ""por""']",['  tag: ADP']
61,['  head_token_index: 4'],"['lemma: ""prostituir""']",['  tag: VERB']
62,['  head_token_index: 5'],"['lemma: ""a""']",['  tag: ADP']
63,['  head_token_index: 6'],"['lemma: ""venezolano""']",['  tag: NOUN']
64,['  head_token_index: 7'],"['lemma: ""y""']",['  tag: CONJ']
65,['  head_token_index: 7'],"['lemma: ""colombiano""']",['  tag: ADJ']
66,['  head_token_index: 2'],"['lemma: ""Autoridad""']",['  tag: NOUN']
67,[],"['lemma: ""venezolano""']",['  tag: ADJ']
68,['  head_token_index: 2'],"['lemma: ""instalar""']",['  tag: VERB']
69,['  head_token_index: 5'],"['lemma: ""un""']",['  tag: DET']
70,['  head_token_index: 5'],"['lemma: ""nuevo""']",['  tag: ADJ']
71,['  head_token_index: 2'],"['lemma: ""contenedor""']",['  tag: NOUN']
72,['  head_token_index: 2'],"['lemma: ""en""']",['  tag: ADP']
73,['  head_token_index: 6'],"['lemma: ""puente""']",['  tag: NOUN']
74,['  head_token_index: 2'],"['lemma: ""...""']",['  tag: PUNCT']
75,['  head_token_index: 2'],"['lemma: ""¡""']",['  tag: PUNCT']
76,['  head_token_index: 2'],"['lemma: ""Así""']",['  tag: ADV']
77,['  head_token_index: 2'],"['lemma: ""lavar""']",['  tag: VERB']
78,['  head_token_index: 4'],"['lemma: ""el""']",['  tag: DET']
79,['  head_token_index: 2'],"['lemma: ""plato""']",['  tag: NOUN']
80,['  head_token_index: 2'],"['lemma: ""en""']",['  tag: ADP']
81,['  head_token_index: 5'],"['lemma: ""Venezuela""']",['  tag: NOUN']
82,['  head_token_index: 2'],"['lemma: ""!""']",['  tag: PUNCT']
83,['  head_token_index: 1'],"['lemma: ""Desmantelar""']",['  tag: ADJ']
84,['  head_token_index: 1'],"['lemma: ""banda""']",['  tag: NOUN']
85,['  head_token_index: 3'],"['lemma: ""que""']",['  tag: PRON']
86,['  head_token_index: 1'],"['lemma: ""prostituir""']",['  tag: VERB']
87,['  head_token_index: 3'],"['lemma: ""a""']",['  tag: ADP']
88,['  head_token_index: 4'],"['lemma: ""colombiano""']",['  tag: ADJ']
89,['  head_token_index: 5'],"['lemma: ""y""']",['  tag: CONJ']
90,['  head_token_index: 5'],"['lemma: ""venezolano""']",['  tag: ADJ']
91,['  head_token_index: 3'],"['lemma: ""en""']",['  tag: ADP']
92,['  head_token_index: 1'],"['lemma: ""...""']",['  tag: PUNCT']
93,['  head_token_index: 1'],"['lemma: ""\\\'""']",['  tag: PUNCT']
94,['  head_token_index: 1'],"['lemma: ""Dije""']",['  tag: VERB']
95,['  head_token_index: 3'],"['lemma: ""el""']",['  tag: DET']
96,['  head_token_index: 1'],"['lemma: ""verdad""']",['  tag: NOUN']
97,['  head_token_index: 1'],"['lemma: "",""']",['  tag: PUNCT']
98,['  head_token_index: 1'],"['lemma: ""ser""']",['  tag: VERB']
99,['  head_token_index: 7'],"['lemma: ""un""']",['  tag: DET']
100,['  head_token_index: 5'],"['lemma: ""fábrica""']",['  tag: NOUN']
101,['  head_token_index: 7'],"['lemma: ""de""']",['  tag: ADP']
102,['  head_token_index: 8'],"['lemma: ""niño""']",['  tag: NOUN']
103,['  head_token_index: 9'],"['lemma: ""pobre""']",['  tag: ADJ']
104,['  head_token_index: 7'],"['lemma: ""\\\'""']",['  tag: PUNCT']
105,['  head_token_index: 7'],"['lemma: "":""']",['  tag: PUNCT']
106,['  head_token_index: 7'],"['lemma: ""Rodolfo""']",['  tag: NOUN']
107,['  head_token_index: 13'],"['lemma: ""Hernández""']",['  tag: NOUN']
108,['  head_token_index: 2'],"['lemma: ""Autoridad""']",['  tag: NOUN']
109,[],"['lemma: ""venezolano""']",['  tag: ADJ']
110,['  head_token_index: 2'],"['lemma: ""admitir""']",['  tag: VERB']
111,['  head_token_index: 2'],"['lemma: ""paso""']",['  tag: NOUN']
112,['  head_token_index: 3'],"['lemma: ""de""']",['  tag: ADP']
113,['  head_token_index: 4'],"['lemma: ""estudiante""']",['  tag: NOUN']
114,['  head_token_index: 5'],"['lemma: ""y""']",['  tag: CONJ']
115,['  head_token_index: 5'],"['lemma: ""enfermo""']",['  tag: NOUN']
116,['  head_token_index: 2'],"['lemma: ""...""']",['  tag: PUNCT']
117,['  head_token_index: 1'],"['lemma: ""20""']",['  tag: NUM']
118,['  head_token_index: 1'],"['lemma: ""año""']",['  tag: NOUN']
119,['  head_token_index: 1'],"['lemma: ""de""']",['  tag: ADP']
120,['  head_token_index: 2'],"['lemma: ""cárcel""']",['  tag: NOUN']
121,['  head_token_index: 1'],"['lemma: ""para""']",['  tag: ADP']
122,['  head_token_index: 6'],"['lemma: ""dos""']",['  tag: NUM']
123,['  head_token_index: 4'],"['lemma: ""venezolano""']",['  tag: NOUN']
124,['  head_token_index: 8'],"['lemma: ""que""']",['  tag: PRON']
125,['  head_token_index: 6'],"['lemma: ""asesinar""']",['  tag: VERB']
126,['  head_token_index: 8'],"['lemma: ""a""']",['  tag: ADP']
127,['  head_token_index: 9'],"['lemma: ""reciclador""']",['  tag: NOUN']
128,['  head_token_index: 2'],"['lemma: ""El""']",['  tag: DET']
129,['  head_token_index: 2'],"['lemma: ""\\\'""']",['  tag: PUNCT']
130,['  head_token_index: 2'],"['lemma: ""mami""']",['  tag: NOUN']
131,['  head_token_index: 2'],"['lemma: ""\\\'""']",['  tag: PUNCT']
132,['  head_token_index: 2'],"['lemma: ""de""']",['  tag: ADP']
133,['  head_token_index: 6'],"['lemma: ""El""']",['  tag: DET']
134,['  head_token_index: 4'],"['lemma: ""Parada""']",['  tag: NOUN']
135,['  head_token_index: 9'],"['lemma: "",""']",['  tag: PUNCT']
136,['  head_token_index: 9'],"['lemma: ""un""']",['  tag: DET']
137,['  head_token_index: 2'],"['lemma: ""luz""']",['  tag: NOUN']
138,['  head_token_index: 9'],"['lemma: ""para""']",['  tag: ADP']
139,['  head_token_index: 12'],"['lemma: ""el""']",['  tag: DET']
140,['  head_token_index: 10'],"['lemma: ""migrante""']",['  tag: NOUN']
141,['  head_token_index: 14'],"['lemma: ""(""']",['  tag: PUNCT']
142,['  head_token_index: 12'],"['lemma: ""Venezolano""']",['  tag: ADJ']
143,['  head_token_index: 14'],"['lemma: ""en""']",['  tag: ADP']
144,['  head_token_index: 2'],"['lemma: ""...""']",['  tag: PUNCT']
145,['  head_token_index: 1'],"['lemma: ""Cuatro""']",['  tag: NUM']
146,['  head_token_index: 1'],"['lemma: ""detener""']",['  tag: VERB']
147,['  head_token_index: 1'],"['lemma: ""en""']",['  tag: ADP']
148,['  head_token_index: 2'],"['lemma: ""España""']",['  tag: NOUN']
149,['  head_token_index: 1'],"['lemma: ""por""']",['  tag: ADP']
150,['  head_token_index: 4'],"['lemma: ""explotar""']",['  tag: VERB']
151,['  head_token_index: 5'],"['lemma: ""sexualmente""']",['  tag: ADV']
152,['  head_token_index: 5'],"['lemma: ""a""']",['  tag: ADP']
153,['  head_token_index: 7'],"['lemma: ""mujer""']",['  tag: NOUN']
154,['  head_token_index: 1'],"['lemma: ""...""']",['  tag: PUNCT']
155,['  head_token_index: 7'],"['lemma: ""Por""']",['  tag: ADP']
156,['  head_token_index: 2'],"['lemma: ""falso""']",['  tag: ADJ']
157,[],"['lemma: ""promesa""']",['  tag: NOUN']
158,['  head_token_index: 2'],"['lemma: ""de""']",['  tag: ADP']
159,['  head_token_index: 3'],"['lemma: ""trabajo""']",['  tag: NOUN']
160,['  head_token_index: 6'],"['lemma: "",""']",['  tag: PUNCT']
161,['  head_token_index: 2'],"['lemma: ""venezolano""']",['  tag: ADJ']
162,['  head_token_index: 7'],"['lemma: ""terminar""']",['  tag: VERB']
163,['  head_token_index: 7'],"['lemma: ""...""']",['  tag: PUNCT']
164,['  head_token_index: 1'],"['lemma: ""Cuatro""']",['  tag: NUM']
165,['  head_token_index: 1'],"['lemma: ""detener""']",['  tag: VERB']
166,['  head_token_index: 1'],"['lemma: ""en""']",['  tag: ADP']
167,['  head_token_index: 2'],"['lemma: ""España""']",['  tag: NOUN']
168,['  head_token_index: 1'],"['lemma: ""por""']",['  tag: ADP']
169,['  head_token_index: 4'],"['lemma: ""prostituir""']",['  tag: VERB']
170,['  head_token_index: 5'],"['lemma: ""a""']",['  tag: ADP']
171,['  head_token_index: 6'],"['lemma: ""venezolano""']",['  tag: NOUN']
172,['  head_token_index: 7'],"['lemma: ""y""']",['  tag: CONJ']
173,['  head_token_index: 7'],"['lemma: ""colombiano""']",['  tag: ADJ']
174,['  head_token_index: 2'],"['lemma: ""Autoridad""']",['  tag: NOUN']
175,[],"['lemma: ""venezolano""']",['  tag: ADJ']
176,['  head_token_index: 2'],"['lemma: ""instalar""']",['  tag: VERB']
177,['  head_token_index: 5'],"['lemma: ""un""']",['  tag: DET']
178,['  head_token_index: 5'],"['lemma: ""nuevo""']",['  tag: ADJ']
179,['  head_token_index: 2'],"['lemma: ""contenedor""']",['  tag: NOUN']
180,['  head_token_index: 2'],"['lemma: ""en""']",['  tag: ADP']
181,['  head_token_index: 6'],"['lemma: ""puente""']",['  tag: NOUN']
182,['  head_token_index: 2'],"['lemma: ""...""']",['  tag: PUNCT']
183,['  head_token_index: 2'],"['lemma: ""¡""']",['  tag: PUNCT']
184,['  head_token_index: 2'],"['lemma: ""Así""']",['  tag: ADV']
185,['  head_token_index: 2'],"['lemma: ""lavar""']",['  tag: VERB']
186,['  head_token_index: 4'],"['lemma: ""el""']",['  tag: DET']
187,['  head_token_index: 2'],"['lemma: ""plato""']",['  tag: NOUN']
188,['  head_token_index: 2'],"['lemma: ""en""']",['  tag: ADP']
189,['  head_token_index: 5'],"['lemma: ""Venezuela""']",['  tag: NOUN']
190,['  head_token_index: 2'],"['lemma: ""!""']",['  tag: PUNCT']
191,['  head_token_index: 1'],"['lemma: ""\\\'""']",['  tag: PUNCT']
192,['  head_token_index: 1'],"['lemma: ""Dije""']",['  tag: VERB']
193,['  head_token_index: 3'],"['lemma: ""el""']",['  tag: DET']
194,['  head_token_index: 1'],"['lemma: ""verdad""']",['  tag: NOUN']
195,['  head_token_index: 1'],"['lemma: "",""']",['  tag: PUNCT']
196,['  head_token_index: 1'],"['lemma: ""ser""']",['  tag: VERB']
197,['  head_token_index: 7'],"['lemma: ""un""']",['  tag: DET']
198,['  head_token_index: 5'],"['lemma: ""fábrica""']",['  tag: NOUN']
199,['  head_token_index: 7'],"['lemma: ""de""']",['  tag: ADP']
200,['  head_token_index: 8'],"['lemma: ""niño""']",['  tag: NOUN']
201,['  head_token_index: 9'],"['lemma: ""pobre""']",['  tag: ADJ']
202,['  head_token_index: 7'],"['lemma: ""\\\'""']",['  tag: PUNCT']
203,['  head_token_index: 7'],"['lemma: "":""']",['  tag: PUNCT']
204,['  head_token_index: 7'],"['lemma: ""Rodolfo""']",['  tag: NOUN']
205,['  head_token_index: 13'],"['lemma: ""Hernández""']",['  tag: NOUN']
206,[],"['lemma: ""Muerte""']",['  tag: NOUN']
207,[],"['lemma: ""lento""']",['  tag: ADJ']
208,[],"['lemma: ""en""']",['  tag: ADP']
209,['  head_token_index: 2'],"['lemma: ""Venezuela""']",['  tag: NOUN']
210,[],"['lemma: "",""']",['  tag: PUNCT']
211,['  head_token_index: 6'],"['lemma: ""el""']",['  tag: DET']
212,[],"['lemma: ""vida""']",['  tag: NOUN']
213,['  head_token_index: 6'],"['lemma: ""después""']",['  tag: ADV']
214,['  head_token_index: 7'],"['lemma: ""de""']",['  tag: ADP']
215,['  head_token_index: 8'],"['lemma: ""apagón""']",['  tag: NOUN']
216,['  head_token_index: 2'],"['lemma: ""Por""']",['  tag: ADP']
217,[],"['lemma: ""trocha""']",['  tag: NOUN']
218,['  head_token_index: 2'],"['lemma: ""repatr""']",['  tag: VERB']
219,['  head_token_index: 2'],"['lemma: ""cuerpo""']",['  tag: NOUN']
220,['  head_token_index: 3'],"['lemma: ""de""']",['  tag: ADP']
221,['  head_token_index: 4'],"['lemma: ""persona""']",['  tag: NOUN']
222,['  head_token_index: 5'],"['lemma: ""fallecer""']",['  tag: VERB']
223,['  head_token_index: 6'],"['lemma: ""en""']",['  tag: ADP']
224,['  head_token_index: 7'],"['lemma: ""Venezuela""']",['  tag: NOUN']
225,['  head_token_index: 7'],"['lemma: ""Barco""']",['  tag: NOUN']
226,[],"['lemma: ""de""']",['  tag: ADP']
227,['  head_token_index: 1'],"['lemma: ""Puerto""']",['  tag: NOUN']
228,['  head_token_index: 2'],"['lemma: ""Rico""']",['  tag: NOUN']
229,[],"['lemma: ""hacia""']",['  tag: ADP']
230,['  head_token_index: 4'],"['lemma: ""Venezuela""']",['  tag: NOUN']
231,['  head_token_index: 7'],"['lemma: ""“""']",['  tag: PUNCT']
232,['  head_token_index: 7'],"['lemma: ""recibir""']",['  tag: VERB']
233,['  head_token_index: 7'],"['lemma: ""amenaza""']",['  tag: NOUN']
234,['  head_token_index: 8'],"['lemma: ""directo""']",['  tag: ADJ']
235,['  head_token_index: 8'],"['lemma: ""de""']",['  tag: ADP']
236,['  head_token_index: 10'],"['lemma: ""...""']",['  tag: PUNCT']
237,['  head_token_index: 1'],"['lemma: ""EEUU""']",['  tag: NOUN']
238,['  head_token_index: 1'],"['lemma: ""revocar""']",['  tag: VERB']
239,['  head_token_index: 1'],"['lemma: ""visas""']",['  tag: NOUN']
240,['  head_token_index: 2'],"['lemma: ""de""']",['  tag: ADP']
241,['  head_token_index: 6'],"['lemma: ""otros""']",['  tag: DET']
242,['  head_token_index: 6'],"['lemma: ""340""']",['  tag: NUM']
243,['  head_token_index: 3'],"['lemma: ""allegados""']",['  tag: NOUN']
244,['  head_token_index: 1'],"['lemma: ""a""']",['  tag: ADP']
245,['  head_token_index: 7'],"['lemma: ""Maduro""']",['  tag: NOUN']
246,[],"['lemma: ""Quemar""']",['  tag: VERB']
247,['  head_token_index: 2'],"['lemma: ""dos""']",['  tag: NUM']
248,[],"['lemma: ""camión""']",['  tag: NOUN']
249,[],"['lemma: ""con""']",['  tag: ADP']
250,['  head_token_index: 3'],"['lemma: ""ayuda""']",['  tag: NOUN']
251,['  head_token_index: 4'],"['lemma: ""humanitario""']",['  tag: ADJ']
252,['  head_token_index: 7'],"['lemma: ""que""']",['  tag: PRON']
253,['  head_token_index: 4'],"['lemma: ""pasar""']",['  tag: VERB']
254,['  head_token_index: 7'],"['lemma: ""frontera""']",['  tag: NOUN']
255,[],"['lemma: ""...""']",['  tag: PUNCT']
256,[],"['lemma: ""Morir""']",['  tag: VERB']
257,[],"['lemma: ""otro""']",['  tag: DET']
258,['  head_token_index: 1'],"['lemma: ""venezolano""']",['  tag: ADJ']
259,['  head_token_index: 1'],"['lemma: ""de""']",['  tag: ADP']
260,['  head_token_index: 3'],"['lemma: ""accidente""']",['  tag: NOUN']
261,[],"['lemma: ""en""']",['  tag: ADP']
262,['  head_token_index: 7'],"['lemma: ""el""']",['  tag: DET']
263,['  head_token_index: 5'],"['lemma: ""vía""']",['  tag: NOUN']
264,['  head_token_index: 7'],"['lemma: ""Valledupar""']",['  tag: NOUN']
265,['  head_token_index: 8'],"['lemma: ""–""']",['  tag: PUNCT']
266,['  head_token_index: 8'],"['lemma: ""Valencia""']",['  tag: NOUN']
267,[],"['lemma: ""...""']",['  tag: PUNCT']
268,['  head_token_index: 1'],"['lemma: ""Maduro""']",['  tag: NOUN']
269,['  head_token_index: 1'],"['lemma: ""abogar""']",['  tag: VERB']
270,['  head_token_index: 1'],"['lemma: ""por""']",['  tag: ADP']
271,['  head_token_index: 4'],"['lemma: ""\\""""']",['  tag: PUNCT']
272,['  head_token_index: 2'],"['lemma: ""ayuda""']",['  tag: NOUN']
273,['  head_token_index: 4'],"['lemma: ""divino""']",['  tag: ADJ']
274,['  head_token_index: 4'],"['lemma: ""\\""""']",['  tag: PUNCT']
275,['  head_token_index: 8'],"['lemma: "",""']",['  tag: PUNCT']
276,['  head_token_index: 1'],"['lemma: ""para""']",['  tag: ADP']
277,['  head_token_index: 8'],"['lemma: ""solucionar""']",['  tag: VERB']
278,['  head_token_index: 9'],"['lemma: ""crisis""']",['  tag: NOUN']
279,['  head_token_index: 9'],"['lemma: ""en""']",['  tag: ADP']
280,['  head_token_index: 11'],"['lemma: ""el""']",['  tag: DET']
281,['  head_token_index: 1'],"['lemma: ""...""']",['  tag: PUNCT']
282,['  head_token_index: 1'],"['lemma: ""EE.""']",['  tag: NOUN']
283,['  head_token_index: 2'],"['lemma: ""UU.""']",['  tag: NOUN']
284,['  head_token_index: 2'],"['lemma: ""acusar""']",['  tag: VERB']
285,['  head_token_index: 2'],"['lemma: ""a""']",['  tag: ADP']
286,['  head_token_index: 3'],"['lemma: ""Venezuela""']",['  tag: NOUN']
287,['  head_token_index: 2'],"['lemma: ""de""']",['  tag: ADP']
288,['  head_token_index: 5'],"['lemma: ""incrementar""']",['  tag: VERB']
289,['  head_token_index: 8'],"['lemma: ""el""']",['  tag: DET']
290,['  head_token_index: 6'],"['lemma: ""represión""']",['  tag: NOUN']
291,['  head_token_index: 6'],"['lemma: ""después""']",['  tag: ADV']
292,['  head_token_index: 9'],"['lemma: ""de""']",['  tag: ADP']
293,['  head_token_index: 2'],"['lemma: ""...""']",['  tag: PUNCT']
294,['  head_token_index: 2'],"['lemma: ""Autoridad""']",['  tag: NOUN']
295,[],"['lemma: ""venezolano""']",['  tag: ADJ']
296,['  head_token_index: 2'],"['lemma: ""anunciar""']",['  tag: VERB']
297,['  head_token_index: 2'],"['lemma: ""investigación""']",['  tag: NOUN']
298,['  head_token_index: 2'],"['lemma: ""a""']",['  tag: ADP']
299,['  head_token_index: 4'],"['lemma: ""Guaidó""']",['  tag: NOUN']
300,['  head_token_index: 2'],"['lemma: ""por""']",['  tag: ADP']
301,['  head_token_index: 2'],"['lemma: ""...""']",['  tag: PUNCT']
302,['  head_token_index: 1'],"['lemma: ""\\\'""']",['  tag: PUNCT']
303,['  head_token_index: 1'],"['lemma: ""Mantenga""']",['  tag: NOUN']
304,['  head_token_index: 3'],"['lemma: ""él""']",['  tag: PRON']
305,['  head_token_index: 1'],"['lemma: ""venezolano""']",['  tag: NOUN']
306,['  head_token_index: 1'],"['lemma: ""\\\'""']",['  tag: PUNCT']
307,['  head_token_index: 7'],"['lemma: "",""']",['  tag: PUNCT']
308,['  head_token_index: 7'],"['lemma: ""el""']",['  tag: DET']
309,['  head_token_index: 1'],"['lemma: ""canción""']",['  tag: NOUN']
310,['  head_token_index: 9'],"['lemma: ""que""']",['  tag: PRON']
311,['  head_token_index: 7'],"['lemma: ""generar""']",['  tag: VERB']
312,['  head_token_index: 9'],"['lemma: ""polémico""']",['  tag: NOUN']
313,['  head_token_index: 10'],"['lemma: ""en""']",['  tag: ADP']
314,['  head_token_index: 13'],"['lemma: ""el""']",['  tag: DET']
315,['  head_token_index: 11'],"['lemma: ""costa""']",['  tag: NOUN']
316,['  head_token_index: 8'],"['lemma: ""Relación""']",['  tag: NOUN']
317,[],"['lemma: ""venezolano""']",['  tag: ADJ']
318,[],"['lemma: ""con""']",['  tag: ADP']
319,['  head_token_index: 2'],"['lemma: ""Bonaire""']",['  tag: NOUN']
320,['  head_token_index: 3'],"['lemma: "",""']",['  tag: PUNCT']
321,['  head_token_index: 3'],"['lemma: ""Aruba""']",['  tag: NOUN']
322,['  head_token_index: 3'],"['lemma: ""y""']",['  tag: CONJ']
323,['  head_token_index: 3'],"['lemma: ""Curazao""']",['  tag: NOUN']
324,['  head_token_index: 8'],"['lemma: ""pasar""']",['  tag: VERB']
325,['  head_token_index: 8'],"['lemma: ""a""']",['  tag: ADP']
326,['  head_token_index: 8'],"['lemma: ""...""']",['  tag: PUNCT']
327,['  head_token_index: 1'],"['lemma: ""\\\'""']",['  tag: PUNCT']
328,['  head_token_index: 1'],"['lemma: ""Mantenga""']",['  tag: NOUN']
329,['  head_token_index: 3'],"['lemma: ""él""']",['  tag: PRON']
330,['  head_token_index: 1'],"['lemma: ""venezolano""']",['  tag: NOUN']
331,['  head_token_index: 1'],"['lemma: ""\\\'""']",['  tag: PUNCT']
332,['  head_token_index: 7'],"['lemma: "",""']",['  tag: PUNCT']
333,['  head_token_index: 7'],"['lemma: ""el""']",['  tag: DET']
334,['  head_token_index: 1'],"['lemma: ""canción""']",['  tag: NOUN']
335,['  head_token_index: 9'],"['lemma: ""que""']",['  tag: PRON']
336,['  head_token_index: 7'],"['lemma: ""generar""']",['  tag: VERB']
337,['  head_token_index: 9'],"['lemma: ""polémico""']",['  tag: NOUN']
338,['  head_token_index: 10'],"['lemma: ""en""']",['  tag: ADP']
339,['  head_token_index: 13'],"['lemma: ""el""']",['  tag: DET']
340,['  head_token_index: 11'],"['lemma: ""costa""']",['  tag: NOUN']
341,[],"['lemma: ""Denunciar""']",['  tag: VERB']
342,['  head_token_index: 2'],"['lemma: ""124""']",['  tag: NUM']
343,[],"['lemma: ""detención""']",['  tag: NOUN']
344,['  head_token_index: 2'],"['lemma: ""durante""']",['  tag: ADP']
345,['  head_token_index: 3'],"['lemma: ""protestas""']",['  tag: NOUN']
346,['  head_token_index: 4'],"['lemma: ""en""']",['  tag: ADP']
347,['  head_token_index: 5'],"['lemma: ""apagón""']",['  tag: NOUN']
348,['  head_token_index: 6'],"['lemma: ""de""']",['  tag: ADP']
349,['  head_token_index: 7'],"['lemma: ""Venezuela""']",['  tag: NOUN']
350,['  head_token_index: 9'],"['lemma: ""Banco""']",['  tag: NOUN']
351,[],"['lemma: ""ruso""']",['  tag: ADJ']
352,[],"['lemma: ""Rusfincorp""']",['  tag: NOUN']
353,['  head_token_index: 4'],"['lemma: "",""']",['  tag: PUNCT']
354,[],"['lemma: ""sancionar""']",['  tag: VERB']
355,['  head_token_index: 4'],"['lemma: ""por""']",['  tag: ADP']
356,['  head_token_index: 5'],"['lemma: ""EE.""']",['  tag: NOUN']
357,['  head_token_index: 6'],"['lemma: ""UU.""']",['  tag: NOUN']
358,['  head_token_index: 4'],"['lemma: "",""']",['  tag: PUNCT']
359,['  head_token_index: 9'],"['lemma: ""asumir""']",['  tag: VERB']
360,['  head_token_index: 9'],"['lemma: ""cuenta""']",['  tag: NOUN']
361,['  head_token_index: 10'],"['lemma: ""de""']",['  tag: ADP']
362,['  head_token_index: 9'],"['lemma: ""...""']",['  tag: PUNCT']
363,[],"['lemma: ""Ayuda""']",['  tag: VERB']
364,[],"['lemma: ""humanitario""']",['  tag: ADJ']
365,[],"['lemma: "":""']",['  tag: PUNCT']
366,['  head_token_index: 9'],"['lemma: ""militar""']",['  tag: NOUN']
367,['  head_token_index: 3'],"['lemma: ""de""']",['  tag: ADP']
368,['  head_token_index: 6'],"['lemma: ""EE.""']",['  tag: NOUN']
369,['  head_token_index: 4'],"['lemma: ""UU.""']",['  tag: NOUN']
370,['  head_token_index: 6'],"['lemma: ""y""']",['  tag: CONJ']
371,['  head_token_index: 6'],"['lemma: ""Colombia""']",['  tag: NOUN']
372,[],"['lemma: ""pedir""']",['  tag: VERB']
373,['  head_token_index: 9'],"['lemma: ""a""']",['  tag: ADP']
374,['  head_token_index: 10'],"['lemma: ""Fuerza""']",['  tag: NOUN']
375,[],"['lemma: ""...""']",['  tag: PUNCT']
376,['  head_token_index: 1'],"['lemma: ""¿""']",['  tag: PUNCT']
377,['  head_token_index: 3'],"['lemma: ""Haber""']",['  tag: VERB']
378,['  head_token_index: 1'],"['lemma: ""efecto""']",['  tag: NOUN']
379,['  head_token_index: 3'],"['lemma: ""dominar""']",['  tag: VERB']
380,['  head_token_index: 3'],"['lemma: ""por""']",['  tag: ADP']
381,['  head_token_index: 4'],"['lemma: ""deserción""']",['  tag: NOUN']
382,['  head_token_index: 5'],"['lemma: ""venezolano""']",['  tag: ADJ']
383,['  head_token_index: 3'],"['lemma: ""?""']",['  tag: PUNCT']
384,['  head_token_index: 4'],"['lemma: ""En""']",['  tag: ADP']
385,[],"['lemma: ""Ureño""']",['  tag: NOUN']
386,[],"['lemma: "",""']",['  tag: PUNCT']
387,['  head_token_index: 4'],"['lemma: ""niño""']",['  tag: NOUN']
388,['  head_token_index: 4'],"['lemma: ""pedir""']",['  tag: VERB']
389,['  head_token_index: 7'],"['lemma: ""que""']",['  tag: ADP']
390,['  head_token_index: 7'],"['lemma: ""el""']",['  tag: PRON']
391,['  head_token_index: 4'],"['lemma: ""dejar""']",['  tag: VERB']
392,['  head_token_index: 7'],"['lemma: ""cruzar""']",['  tag: VERB']
393,['  head_token_index: 10'],"['lemma: ""el""']",['  tag: DET']
394,['  head_token_index: 8'],"['lemma: ""frontera""']",['  tag: NOUN']
395,['  head_token_index: 8'],"['lemma: ""para""']",['  tag: ADP']
396,['  head_token_index: 11'],"['lemma: ""estudiar""']",['  tag: VERB']
397,['  head_token_index: 2'],"['lemma: ""Río""']",['  tag: NOUN']
398,['  head_token_index: 2'],"['lemma: ""de""']",['  tag: X']
399,['  head_token_index: 2'],"['lemma: ""susurros""']",['  tag: X']
400,['  head_token_index: 1'],"['lemma: ""¿""']",['  tag: PUNCT']
401,['  head_token_index: 1'],"['lemma: ""Poder""']",['  tag: VERB']
402,['  head_token_index: 3'],"['lemma: ""el""']",['  tag: DET']
403,['  head_token_index: 5'],"['lemma: ""gobierno""']",['  tag: NOUN']
404,['  head_token_index: 3'],"['lemma: ""colombiano""']",['  tag: ADJ']
405,['  head_token_index: 1'],"['lemma: ""transferir""']",['  tag: VERB']
406,['  head_token_index: 7'],"['lemma: ""el""']",['  tag: DET']
407,['  head_token_index: 5'],"['lemma: ""empresa""']",['  tag: NOUN']
408,['  head_token_index: 7'],"['lemma: ""venezolano""']",['  tag: ADJ']
409,['  head_token_index: 1'],"['lemma: ""...""']",['  tag: PUNCT']
410,[],"['lemma: ""Nacer""']",['  tag: VERB']
411,[],"['lemma: "",""']",['  tag: PUNCT']
412,[],"['lemma: ""comer""']",['  tag: VERB']
413,['  head_token_index: 2'],"['lemma: ""y""']",['  tag: CONJ']
414,['  head_token_index: 2'],"['lemma: ""vivir""']",['  tag: VERB']
415,['  head_token_index: 4'],"['lemma: ""en""']",['  tag: ADP']
416,['  head_token_index: 7'],"['lemma: ""el""']",['  tag: DET']
417,['  head_token_index: 5'],"['lemma: ""frontera""']",['  tag: NOUN']
418,['  head_token_index: 2'],"['lemma: ""Defensa""']",['  tag: NOUN']
419,[],"['lemma: ""Civil""']",['  tag: ADJ']
420,['  head_token_index: 2'],"['lemma: ""buscar""']",['  tag: VERB']
421,['  head_token_index: 2'],"['lemma: ""evaluar""']",['  tag: VERB']
422,['  head_token_index: 3'],"['lemma: ""con""']",['  tag: ADP']
423,['  head_token_index: 4'],"['lemma: ""ente""']",['  tag: NOUN']
424,['  head_token_index: 5'],"['lemma: ""venezolano""']",['  tag: ADJ']
425,['  head_token_index: 5'],"['lemma: ""crisis""']",['  tag: NOUN']
426,['  head_token_index: 7'],"['lemma: ""humanitario""']",['  tag: ADJ']
427,['  head_token_index: 5'],"['lemma: ""Experto""']",['  tag: NOUN']
428,[],"['lemma: ""en""']",['  tag: ADP']
429,['  head_token_index: 1'],"['lemma: ""libertad""']",['  tag: NOUN']
430,['  head_token_index: 2'],"['lemma: ""de""']",['  tag: ADP']
431,['  head_token_index: 3'],"['lemma: ""expresión""']",['  tag: NOUN']
432,['  head_token_index: 5'],"['lemma: ""advertir""']",['  tag: VERB']
433,['  head_token_index: 5'],"['lemma: ""sobre""']",['  tag: ADP']
434,['  head_token_index: 6'],"['lemma: ""aumento""']",['  tag: NOUN']
435,['  head_token_index: 7'],"['lemma: ""de""']",['  tag: ADP']
436,['  head_token_index: 5'],"['lemma: ""...""']",['  tag: PUNCT']
437,['  head_token_index: 2'],"['lemma: ""Fundación""']",['  tag: NOUN']
438,[],"['lemma: ""venezolano""']",['  tag: ADJ']
439,['  head_token_index: 2'],"['lemma: ""reforzar""']",['  tag: VERB']
440,['  head_token_index: 2'],"['lemma: ""labor""']",['  tag: NOUN']
441,['  head_token_index: 2'],"['lemma: ""para""']",['  tag: ADP']
442,['  head_token_index: 4'],"['lemma: ""atender""']",['  tag: VERB']
443,['  head_token_index: 5'],"['lemma: ""a""']",['  tag: ADP']
444,['  head_token_index: 6'],"['lemma: ""él""']",['  tag: PRON']
445,['  head_token_index: 2'],"['lemma: ""...""']",['  tag: PUNCT']
446,['  head_token_index: 1'],"['lemma: ""Gobierno""']",['  tag: NOUN']
447,['  head_token_index: 1'],"['lemma: ""confirmar""']",['  tag: VERB']
448,['  head_token_index: 1'],"['lemma: ""retiro""']",['  tag: NOUN']
449,['  head_token_index: 2'],"['lemma: ""de""']",['  tag: ADP']
450,['  head_token_index: 6'],"['lemma: ""todo""']",['  tag: DET']
451,['  head_token_index: 6'],"['lemma: ""el""']",['  tag: DET']
452,['  head_token_index: 3'],"['lemma: ""personal""']",['  tag: NOUN']
453,['  head_token_index: 6'],"['lemma: ""diplomático""']",['  tag: NOUN']
454,['  head_token_index: 7'],"['lemma: ""de""']",['  tag: ADP']
455,['  head_token_index: 8'],"['lemma: ""Venezuela""']",['  tag: NOUN']
456,['  head_token_index: 1'],"['lemma: ""Este""']",['  tag: DET']
457,['  head_token_index: 2'],"['lemma: ""martes""']",['  tag: NOUN']
458,['  head_token_index: 2'],"['lemma: ""haber""']",['  tag: VERB']
459,['  head_token_index: 2'],"['lemma: ""reunión""']",['  tag: NOUN']
460,['  head_token_index: 3'],"['lemma: ""extraordinario""']",['  tag: ADJ']
461,['  head_token_index: 3'],"['lemma: ""en""']",['  tag: ADP']
462,['  head_token_index: 7'],"['lemma: ""el""']",['  tag: DET']
463,['  head_token_index: 5'],"['lemma: ""ONU""']",['  tag: NOUN']
464,['  head_token_index: 3'],"['lemma: ""sobre""']",['  tag: ADP']
465,['  head_token_index: 8'],"['lemma: ""situación""']",['  tag: NOUN']
466,['  head_token_index: 2'],"['lemma: ""...""']",['  tag: PUNCT']
467,['  head_token_index: 4'],"['lemma: ""Familia""']",['  tag: NOUN']
468,[],"['lemma: ""venezolano""']",['  tag: ADJ']
469,['  head_token_index: 1'],"['lemma: ""y""']",['  tag: CONJ']
470,['  head_token_index: 1'],"['lemma: ""cartageneras""']","['  content: ""cartageneras""', '  tag: ADJ', 'lemma: ""cartageneras""']"
471,['  head_token_index: 4'],"['lemma: ""invadir""']","[': cartagenerastext {', '  tag: VERB']"
472,['  head_token_index: 4'],"['lemma: ""terreno""']",['  tag: NOUN']
473,['  head_token_index: 4'],"['lemma: ""y""']",['  tag: CONJ']
474,['  head_token_index: 4'],"['lemma: ""construir""']",['  tag: VERB']
475,['  head_token_index: 4'],"['lemma: ""...""']",['  tag: PUNCT']
476,['  head_token_index: 1'],"['lemma: ""Primero""']",['  tag: ADJ']
477,['  head_token_index: 6'],"['lemma: ""camión""']",['  tag: NOUN']
478,['  head_token_index: 1'],"['lemma: ""con""']",['  tag: ADP']
479,['  head_token_index: 2'],"['lemma: ""ayuda""']",['  tag: NOUN']
480,['  head_token_index: 3'],"['lemma: ""desde""']",['  tag: ADP']
481,['  head_token_index: 4'],"['lemma: ""Colombia""']",['  tag: NOUN']
482,['  head_token_index: 6'],"['lemma: ""permanecer""']",['  tag: VERB']
483,['  head_token_index: 6'],"['lemma: ""...""']",['  tag: PUNCT']
484,['  head_token_index: 1'],"['lemma: ""Guaidar""']",['  tag: NOUN']
485,['  head_token_index: 1'],"['lemma: ""preguntar""']",['  tag: VERB']
486,['  head_token_index: 1'],"['lemma: ""a""']",['  tag: ADP']
487,['  head_token_index: 2'],"['lemma: ""Fuerza""']",['  tag: NOUN']
488,['  head_token_index: 3'],"['lemma: ""Armadas""']",['  tag: ADJ']
489,['  head_token_index: 3'],"['lemma: ""venezolano""']",['  tag: ADJ']
490,['  head_token_index: 1'],"['lemma: "":""']",['  tag: PUNCT']
491,['  head_token_index: 10'],"['lemma: ""¿""']",['  tag: PUNCT']
492,['  head_token_index: 10'],"['lemma: ""Qué""']",['  tag: PRON']
493,['  head_token_index: 8'],"['lemma: ""más""']",['  tag: ADV']
494,['  head_token_index: 1'],"['lemma: ""ir""']",['  tag: VERB']
495,['  head_token_index: 10'],"['lemma: ""a""']",['  tag: ADP']
496,['  head_token_index: 10'],"['lemma: ""...""']",['  tag: PUNCT']
497,['  head_token_index: 5'],"['lemma: ""Periodista""']",['  tag: NOUN']
498,[],"['lemma: ""Luis""']",['  tag: NOUN']
499,['  head_token_index: 1'],"['lemma: ""Carlos""']",['  tag: NOUN']
500,['  head_token_index: 1'],"['lemma: ""Díaz""']",['  tag: NOUN']
501,['  head_token_index: 5'],"['lemma: ""se""']",['  tag: PRON']
502,['  head_token_index: 5'],"['lemma: ""quedar""']",['  tag: VERB']
503,['  head_token_index: 5'],"['lemma: ""en""']",['  tag: ADP']
504,['  head_token_index: 6'],"['lemma: ""Venezuela""']",['  tag: NOUN']
505,['  head_token_index: 5'],"['lemma: "",""']",['  tag: PUNCT']
506,['  head_token_index: 5'],"['lemma: ""decir""']",['  tag: VERB']
507,['  head_token_index: 11'],"['lemma: ""él""']",['  tag: PRON']
508,['  head_token_index: 9'],"['lemma: ""padre""']",['  tag: NOUN']
509,['  head_token_index: 2'],"['lemma: ""Fuerza""']",['  tag: NOUN']
510,[],"['lemma: ""venezolano""']",['  tag: ADJ']
511,['  head_token_index: 2'],"['lemma: ""impedir""']",['  tag: VERB']
512,['  head_token_index: 2'],"['lemma: ""paso""']",['  tag: NOUN']
513,['  head_token_index: 3'],"['lemma: ""de""']",['  tag: ADP']
514,['  head_token_index: 4'],"['lemma: ""ayuda""']",['  tag: NOUN']
515,['  head_token_index: 5'],"['lemma: ""humanitario""']",['  tag: ADJ']
516,['  head_token_index: 1'],"['lemma: ""El""']",['  tag: DET']
517,['  head_token_index: 2'],"['lemma: ""CIDH""']",['  tag: NOUN']
518,['  head_token_index: 2'],"['lemma: ""condena""']",['  tag: NOUN']
519,['  head_token_index: 4'],"['lemma: ""el""']",['  tag: DET']
520,['  head_token_index: 2'],"['lemma: ""violencia""']",['  tag: NOUN']
521,['  head_token_index: 4'],"['lemma: ""en""']",['  tag: ADP']
522,['  head_token_index: 7'],"['lemma: ""el""']",['  tag: DET']
523,['  head_token_index: 5'],"['lemma: ""frontera""']",['  tag: NOUN']
524,['  head_token_index: 7'],"['lemma: ""venezolano""']",['  tag: ADJ']
525,['  head_token_index: 2'],"['lemma: ""Fuerza""']",['  tag: NOUN']
526,[],"['lemma: ""venezolano""']",['  tag: ADJ']
527,['  head_token_index: 2'],"['lemma: ""impedir""']",['  tag: VERB']
528,['  head_token_index: 2'],"['lemma: ""paso""']",['  tag: NOUN']
529,['  head_token_index: 3'],"['lemma: ""de""']",['  tag: ADP']
530,['  head_token_index: 4'],"['lemma: ""ayuda""']",['  tag: NOUN']
531,['  head_token_index: 5'],"['lemma: ""humanitario""']",['  tag: ADJ']
532,[],"['lemma: ""En""']",['  tag: ADP']
533,[],"['lemma: ""incertidumbre""']",['  tag: NOUN']
534,[],"['lemma: "",""']",['  tag: PUNCT']
535,[],"['lemma: ""familia""']",['  tag: NOUN']
536,['  head_token_index: 3'],"['lemma: ""venezolano""']",['  tag: ADJ']
537,['  head_token_index: 6'],"['lemma: ""que""']",['  tag: PRON']
538,['  head_token_index: 3'],"['lemma: ""deber""']",['  tag: VERB']
539,['  head_token_index: 6'],"['lemma: ""abandonar""']",['  tag: VERB']
540,[],"['lemma: ""...""']",['  tag: PUNCT']
541,['  head_token_index: 2'],"['lemma: ""Autoridad""']",['  tag: NOUN']
542,[],"['lemma: ""venezolano""']",['  tag: ADJ']
543,['  head_token_index: 2'],"['lemma: ""bloquear""']",['  tag: VERB']
544,['  head_token_index: 2'],"['lemma: ""con""']",['  tag: ADP']
545,['  head_token_index: 3'],"['lemma: ""contenedor""']",['  tag: NOUN']
546,['  head_token_index: 4'],"['lemma: ""puente""']",['  tag: NOUN']
547,['  head_token_index: 7'],"['lemma: ""El""']",['  tag: DET']
548,['  head_token_index: 5'],"['lemma: ""Unión""']",['  tag: NOUN']
549,['  head_token_index: 2'],"['lemma: ""Nicolás""']",['  tag: NOUN']
550,[],"['lemma: ""Maduro""']",['  tag: NOUN']
551,['  head_token_index: 2'],"['lemma: ""usar""']",['  tag: VERB']
552,['  head_token_index: 2'],"['lemma: ""Bandes""']",['  tag: NOUN']
553,['  head_token_index: 3'],"['lemma: ""Uruguay""']",['  tag: NOUN']
554,['  head_token_index: 2'],"['lemma: ""ante""']",['  tag: ADP']
555,['  head_token_index: 5'],"['lemma: ""restricción""']",['  tag: NOUN']
556,['  head_token_index: 6'],"['lemma: ""de""']",['  tag: ADP']
557,['  head_token_index: 7'],"['lemma: ""sistema""']",['  tag: NOUN']
558,['  head_token_index: 2'],"['lemma: ""...""']",['  tag: PUNCT']
559,['  head_token_index: 1'],"['lemma: ""Un""']",['  tag: DET']
560,['  head_token_index: 1'],"['lemma: ""lupa""']",['  tag: NOUN']
561,['  head_token_index: 1'],"['lemma: ""sobre""']",['  tag: ADP']
562,['  head_token_index: 4'],"['lemma: ""el""']",['  tag: DET']
563,['  head_token_index: 2'],"['lemma: ""mujer""']",['  tag: NOUN']
564,['  head_token_index: 4'],"['lemma: ""venezolano""']",['  tag: ADJ']
565,['  head_token_index: 4'],"['lemma: ""migrantes""']",['  tag: ADJ']
566,['  head_token_index: 1'],"['lemma: ""Bombero""']",['  tag: NOUN']
567,['  head_token_index: 1'],"['lemma: ""calificar""']",['  tag: VERB']
568,['  head_token_index: 1'],"['lemma: ""de""']",['  tag: ADP']
569,['  head_token_index: 2'],"['lemma: ""ofensivo""']",['  tag: NOUN']
570,['  head_token_index: 1'],"['lemma: ""a""']",['  tag: ADP']
571,['  head_token_index: 4'],"['lemma: ""alcalde""']",['  tag: NOUN']
572,['  head_token_index: 5'],"['lemma: ""Hernández""']",['  tag: NOUN']
573,['  head_token_index: 1'],"['lemma: ""por""']",['  tag: ADP']
574,['  head_token_index: 7'],"['lemma: ""llamar""']",['  tag: VERB']
575,['  head_token_index: 8'],"['lemma: ""el""']",['  tag: DET']
576,['  head_token_index: 1'],"['lemma: ""...""']",['  tag: PUNCT']
577,['  head_token_index: 1'],"['lemma: ""Maduro""']",['  tag: NOUN']
578,['  head_token_index: 1'],"['lemma: ""pedir""']",['  tag: VERB']
579,['  head_token_index: 1'],"['lemma: ""rechazar""']",['  tag: VERB']
580,['  head_token_index: 2'],"['lemma: ""violencia""']",['  tag: NOUN']
581,['  head_token_index: 2'],"['lemma: ""como""']",['  tag: ADP']
582,['  head_token_index: 4'],"['lemma: ""forma""']",['  tag: NOUN']
583,['  head_token_index: 5'],"['lemma: ""de""']",['  tag: ADP']
584,['  head_token_index: 6'],"['lemma: ""hacer""']",['  tag: VERB']
585,['  head_token_index: 7'],"['lemma: ""política""']",['  tag: NOUN']
586,['  head_token_index: 7'],"['lemma: ""en""']",['  tag: ADP']
587,['  head_token_index: 1'],"['lemma: ""...""']",['  tag: PUNCT']
588,[],"['lemma: ""Estar""']",['  tag: VERB']
589,[],"['lemma: ""de""']",['  tag: ADP']
590,['  head_token_index: 1'],"['lemma: ""lado""']",['  tag: NOUN']
591,['  head_token_index: 2'],"['lemma: ""correcto""']",['  tag: ADJ']
592,[],"['lemma: "":""']",['  tag: PUNCT']
593,[],"['lemma: ""Duque""']",['  tag: NOUN']
594,['  head_token_index: 5'],"['lemma: ""a""']",['  tag: ADP']
595,['  head_token_index: 6'],"['lemma: ""FFAA""']",['  tag: NOUN']
596,['  head_token_index: 7'],"['lemma: ""Venezuela""']",['  tag: NOUN']
597,['  head_token_index: 4'],"['lemma: ""Jefe""']",['  tag: NOUN']
598,[],"['lemma: ""de""']",['  tag: ADP']
599,['  head_token_index: 3'],"['lemma: ""el""']",['  tag: DET']
600,['  head_token_index: 1'],"['lemma: ""ONU""']",['  tag: NOUN']
601,['  head_token_index: 4'],"['lemma: ""ruega""']",['  tag: VERB']
602,['  head_token_index: 4'],"['lemma: ""a""']",['  tag: ADP']
603,['  head_token_index: 5'],"['lemma: ""Venezuela""']",['  tag: NOUN']
604,['  head_token_index: 9'],"['lemma: ""\\""""']",['  tag: PUNCT']
605,['  head_token_index: 9'],"['lemma: ""no""']",['  tag: ADV']
606,['  head_token_index: 4'],"['lemma: ""usar""']",['  tag: VERB']
607,['  head_token_index: 9'],"['lemma: ""fuerza""']",['  tag: NOUN']
608,['  head_token_index: 9'],"['lemma: ""contra""']",['  tag: ADP']
609,['  head_token_index: 9'],"['lemma: ""...""']",['  tag: PUNCT']
610,['  head_token_index: 2'],"['lemma: ""Gobierno""']",['  tag: NOUN']
611,[],"['lemma: ""venezolano""']",['  tag: ADJ']
612,['  head_token_index: 2'],"['lemma: ""ubicar""']",['  tag: VERB']
613,['  head_token_index: 4'],"['lemma: ""nuevo""']",['  tag: ADJ']
614,['  head_token_index: 2'],"['lemma: ""obstáculo""']",['  tag: NOUN']
615,['  head_token_index: 4'],"['lemma: ""en""']",['  tag: ADP']
616,['  head_token_index: 7'],"['lemma: ""el""']",['  tag: DET']
617,['  head_token_index: 5'],"['lemma: ""puente""']",['  tag: NOUN']
618,['  head_token_index: 2'],"['lemma: ""...""']",['  tag: PUNCT']
619,[],"['lemma: ""Criticar""']",['  tag: VERB']
620,[],"['lemma: ""a""']",['  tag: ADP']
621,['  head_token_index: 1'],"['lemma: ""Kika""']",['  tag: NOUN']
622,['  head_token_index: 2'],"['lemma: ""Nieto""']",['  tag: NOUN']
623,[],"['lemma: ""por""']",['  tag: ADP']
624,['  head_token_index: 4'],"['lemma: ""hacer""']",['  tag: VERB']
625,['  head_token_index: 7'],"['lemma: ""un""']",['  tag: DET']
626,['  head_token_index: 5'],"['lemma: ""video""']",['  tag: NOUN']
627,['  head_token_index: 7'],"['lemma: ""con""']",['  tag: ADP']
628,['  head_token_index: 8'],"['lemma: ""venezolano""']",['  tag: ADJ']
629,[],"['lemma: ""Denunciar""']",['  tag: VERB']
630,[],"['lemma: ""desintegración""']",['  tag: NOUN']
631,['  head_token_index: 1'],"['lemma: ""familiar""']",['  tag: ADJ']
632,['  head_token_index: 1'],"['lemma: ""por""']",['  tag: ADP']
633,['  head_token_index: 3'],"['lemma: ""éxodo""']",['  tag: NOUN']
634,['  head_token_index: 4'],"['lemma: ""de""']",['  tag: ADP']
635,['  head_token_index: 5'],"['lemma: ""venezolano""']",['  tag: NOUN']
636,['  head_token_index: 1'],"['lemma: ""El""']",['  tag: DET']
637,['  head_token_index: 4'],"['lemma: ""migrante""']",['  tag: NOUN']
638,['  head_token_index: 1'],"['lemma: ""venezolano""']",['  tag: ADJ']
639,['  head_token_index: 4'],"['lemma: ""terminar""']",['  tag: VERB']
640,['  head_token_index: 4'],"['lemma: ""cuidar""']",['  tag: VERB']
641,['  head_token_index: 4'],"['lemma: ""a""']",['  tag: ADP']
642,['  head_token_index: 5'],"['lemma: ""otros""']",['  tag: DET']
643,['  head_token_index: 1'],"['lemma: ""Ahora""']",['  tag: ADV']
644,['  head_token_index: 2'],"['lemma: ""migrante""']",['  tag: ADJ']
645,['  head_token_index: 2'],"['lemma: ""caminar""']",['  tag: VERB']
646,['  head_token_index: 2'],"['lemma: ""en""']",['  tag: ADP']
647,['  head_token_index: 3'],"['lemma: ""familia""']",['  tag: NOUN']
648,[],"['lemma: ""Prostitución""']",['  tag: NOUN']
649,[],"['lemma: ""de""']",['  tag: ADP']
650,['  head_token_index: 1'],"['lemma: ""venezolano""']",['  tag: NOUN']
651,[],"['lemma: ""en""']",['  tag: ADP']
652,['  head_token_index: 3'],"['lemma: ""Colombia""']",['  tag: NOUN']
653,['  head_token_index: 7'],"['lemma: "",""']",['  tag: PUNCT']
654,['  head_token_index: 7'],"['lemma: ""otro""']",['  tag: DET']
655,[],"['lemma: ""drama""']",['  tag: NOUN']
656,['  head_token_index: 7'],"['lemma: ""de""']",['  tag: ADP']
657,['  head_token_index: 8'],"['lemma: ""éxodo""']",['  tag: NOUN']
658,['  head_token_index: 1'],"['lemma: ""El""']",['  tag: DET']
659,['  head_token_index: 1'],"['lemma: ""encerrar""']",['  tag: VERB']
660,['  head_token_index: 1'],"['lemma: ""con""']",['  tag: ADP']
661,['  head_token_index: 2'],"['lemma: ""candado""']",['  tag: NOUN']
662,['  head_token_index: 3'],"['lemma: "":""']",['  tag: PUNCT']
663,['  head_token_index: 3'],"['lemma: ""venezolano""']",['  tag: ADJ']
664,['  head_token_index: 3'],"['lemma: ""obligar""']",['  tag: VERB']
665,['  head_token_index: 6'],"['lemma: ""a""']",['  tag: ADP']
666,['  head_token_index: 7'],"['lemma: ""prostituir""']",['  tag: VERB']
667,['  head_token_index: 1'],"['lemma: ""se""']",['  tag: PRON']
668,['  head_token_index: 1'],"['lemma: ""...""']",['  tag: PUNCT']
669,['  head_token_index: 1'],"['lemma: ""Distrito""']",['  tag: NOUN']
670,['  head_token_index: 1'],"['lemma: ""atender""']",['  tag: VERB']
671,['  head_token_index: 1'],"['lemma: ""más""']",['  tag: ADV']
672,['  head_token_index: 2'],"['lemma: ""de""']",['  tag: ADP']
673,['  head_token_index: 5'],"['lemma: ""3.000""']",['  tag: NUM']
674,['  head_token_index: 3'],"['lemma: ""parto""']",['  tag: NOUN']
675,['  head_token_index: 5'],"['lemma: ""de""']",['  tag: ADP']
676,['  head_token_index: 6'],"['lemma: ""venezolano""']",['  tag: NOUN']
677,['  head_token_index: 5'],"['lemma: ""en""']",['  tag: ADP']
678,['  head_token_index: 8'],"['lemma: ""2018""']",['  tag: NUM']
679,['  head_token_index: 5'],"['lemma: ""en""']",['  tag: ADP']
680,['  head_token_index: 10'],"['lemma: ""Bogotá""']",['  tag: NOUN']
681,[],"['lemma: ""Inmigración""']",['  tag: NOUN']
682,[],"['lemma: ""de""']",['  tag: ADP']
683,['  head_token_index: 1'],"['lemma: ""venezolano""']",['  tag: NOUN']
684,[],"['lemma: "":""']",['  tag: PUNCT']
685,['  head_token_index: 5'],"['lemma: ""un""']",['  tag: DET']
686,[],"['lemma: ""problema""']",['  tag: NOUN']
687,['  head_token_index: 5'],"['lemma: ""de""']",['  tag: ADP']
688,['  head_token_index: 6'],"['lemma: ""salud""']",['  tag: NOUN']
689,['  head_token_index: 7'],"['lemma: ""público""']",['  tag: ADJ']
690,['  head_token_index: 4'],"['lemma: ""En""']",['  tag: ADP']
691,[],"['lemma: ""hospital""']",['  tag: NOUN']
692,['  head_token_index: 1'],"['lemma: ""de""']",['  tag: ADP']
693,['  head_token_index: 2'],"['lemma: ""Cúcuta""']",['  tag: NOUN']
694,['  head_token_index: 4'],"['lemma: ""nacer""']",['  tag: VERB']
695,['  head_token_index: 6'],"['lemma: ""más""']",['  tag: ADV']
696,['  head_token_index: 4'],"['lemma: ""niños""']",['  tag: ADJ']
697,['  head_token_index: 6'],"['lemma: ""hijo""']",['  tag: ADJ']
698,['  head_token_index: 6'],"['lemma: ""de""']",['  tag: ADP']
699,['  head_token_index: 8'],"['lemma: ""venezolano""']",['  tag: ADJ']
700,['  head_token_index: 11'],"['lemma: ""que""']",['  tag: PRON']
701,['  head_token_index: 6'],"['lemma: ""de""']",['  tag: ADP']
702,['  head_token_index: 11'],"['lemma: ""...""']",['  tag: PUNCT']
703,['  head_token_index: 1'],"['lemma: ""El""']",['  tag: DET']
704,['  head_token_index: 1'],"['lemma: ""tensar""']",['  tag: NOUN']
705,['  head_token_index: 1'],"['lemma: ""calma""']",['  tag: NOUN']
706,['  head_token_index: 1'],"['lemma: ""en""']",['  tag: ADP']
707,['  head_token_index: 5'],"['lemma: ""el""']",['  tag: DET']
708,['  head_token_index: 3'],"['lemma: ""frontera""']",['  tag: NOUN']
709,['  head_token_index: 5'],"['lemma: ""venezolano""']",['  tag: ADJ']
710,['  head_token_index: 5'],"['lemma: ""con""']",['  tag: ADP']
711,['  head_token_index: 7'],"['lemma: ""Colombia""']",['  tag: NOUN']
712,['  head_token_index: 8'],"['lemma: ""y""']",['  tag: CONJ']
713,['  head_token_index: 8'],"['lemma: ""Brasil""']",['  tag: NOUN']
714,['  head_token_index: 1'],"['lemma: ""Así""']",['  tag: ADV']
715,['  head_token_index: 1'],"['lemma: ""operar""']",['  tag: VERB']
716,['  head_token_index: 1'],"['lemma: ""banda""']",['  tag: NOUN']
717,['  head_token_index: 4'],"['lemma: ""que""']",['  tag: PRON']
718,['  head_token_index: 2'],"['lemma: ""esclavizar""']",['  tag: VERB']
719,['  head_token_index: 4'],"['lemma: ""sexualmente""']",['  tag: ADV']
720,['  head_token_index: 4'],"['lemma: ""a""']",['  tag: ADP']
721,['  head_token_index: 6'],"['lemma: ""mujer""']",['  tag: NOUN']
722,['  head_token_index: 1'],"['lemma: ""...""']",['  tag: PUNCT']
723,['  head_token_index: 3'],"['lemma: ""Gobierno""']",['  tag: NOUN']
724,[],"['lemma: ""de""']",['  tag: ADP']
725,['  head_token_index: 1'],"['lemma: ""Venezuela""']",['  tag: NOUN']
726,['  head_token_index: 3'],"['lemma: ""señalar""']",['  tag: VERB']
727,['  head_token_index: 10'],"['lemma: ""que""']",['  tag: ADP']
728,['  head_token_index: 10'],"['lemma: ""explosión""']",['  tag: NOUN']
729,['  head_token_index: 5'],"['lemma: ""en""']",['  tag: ADP']
730,['  head_token_index: 6'],"['lemma: ""sede""']",['  tag: NOUN']
731,['  head_token_index: 7'],"['lemma: ""de""']",['  tag: ADP']
732,['  head_token_index: 8'],"['lemma: ""PDVSA""']",['  tag: NOUN']
733,['  head_token_index: 3'],"['lemma: ""ir""']",['  tag: VERB']
734,['  head_token_index: 3'],"['lemma: ""...""']",['  tag: PUNCT']
735,['  head_token_index: 1'],"['lemma: ""Suiza""']",['  tag: NOUN']
736,['  head_token_index: 1'],"['lemma: ""investigar""']",['  tag: VERB']
737,['  head_token_index: 3'],"['lemma: ""presunto""']",['  tag: ADJ']
738,['  head_token_index: 1'],"['lemma: ""cuenta""']",['  tag: NOUN']
739,['  head_token_index: 3'],"['lemma: ""corrupto""']",['  tag: ADJ']
740,['  head_token_index: 3'],"['lemma: ""de""']",['  tag: ADP']
741,['  head_token_index: 5'],"['lemma: ""Capriles""']",['  tag: NOUN']
742,['  head_token_index: 1'],"['lemma: ""Gobierno""']",['  tag: NOUN']
743,['  head_token_index: 1'],"['lemma: ""impedir""']",['  tag: VERB']
744,['  head_token_index: 1'],"['lemma: ""ingreso""']",['  tag: NOUN']
745,['  head_token_index: 2'],"['lemma: ""a""']",['  tag: ADP']
746,['  head_token_index: 3'],"['lemma: ""Colombia""']",['  tag: NOUN']
747,['  head_token_index: 2'],"['lemma: ""de""']",['  tag: ADP']
748,['  head_token_index: 5'],"['lemma: ""familiar""']",['  tag: NOUN']
749,['  head_token_index: 6'],"['lemma: ""de""']",['  tag: ADP']
750,['  head_token_index: 7'],"['lemma: ""Maduro""']",['  tag: NOUN']
751,['  head_token_index: 3'],"['lemma: ""Marta""']",['  tag: NOUN']
752,[],"['lemma: ""Lucia""']",['  tag: NOUN']
753,[],"['lemma: ""Ramírez""']",['  tag: NOUN']
754,['  head_token_index: 3'],"['lemma: ""aprovechar""']",['  tag: VERB']
755,['  head_token_index: 5'],"['lemma: ""el""']",['  tag: DET']
756,['  head_token_index: 3'],"['lemma: ""pantallazo""']",['  tag: NOUN']
757,['  head_token_index: 3'],"['lemma: ""y""']",['  tag: CONJ']
758,['  head_token_index: 9'],"['lemma: ""se""']",['  tag: PRON']
759,['  head_token_index: 9'],"['lemma: ""el""']",['  tag: PRON']
760,['  head_token_index: 3'],"['lemma: ""dar""']",['  tag: VERB']
761,['  head_token_index: 9'],"['lemma: ""de""']",['  tag: ADP']
762,['  head_token_index: 10'],"['lemma: ""periodista""']",['  tag: NOUN']
763,['  head_token_index: 3'],"['lemma: ""...""']",['  tag: PUNCT']
764,['  head_token_index: 2'],"['lemma: ""Maduro""']",['  tag: NOUN']
765,['  head_token_index: 2'],"['lemma: ""ellos""']",['  tag: PRON']
766,['  head_token_index: 2'],"['lemma: ""pedir""']",['  tag: VERB']
767,['  head_token_index: 2'],"['lemma: ""a""']",['  tag: ADP']
768,['  head_token_index: 3'],"['lemma: ""venezolano""']",['  tag: NOUN']
769,['  head_token_index: 2'],"['lemma: ""tener""']",['  tag: VERB']
770,['  head_token_index: 5'],"['lemma: ""linternas""']",['  tag: NOUN']
771,['  head_token_index: 6'],"['lemma: ""y""']",['  tag: CONJ']
772,['  head_token_index: 6'],"['lemma: ""tanque""']",['  tag: NOUN']
773,['  head_token_index: 8'],"['lemma: ""de""']",['  tag: ADP']
774,['  head_token_index: 9'],"['lemma: ""agua""']",['  tag: NOUN']
775,[],"['lemma: ""Despliegue""']",['  tag: NOUN']
776,[],"['lemma: ""de""']",['  tag: ADP']
777,['  head_token_index: 1'],"['lemma: ""tropa""']",['  tag: NOUN']
778,['  head_token_index: 2'],"['lemma: ""venezolano""']",['  tag: ADJ']
779,[],"['lemma: ""en""']",['  tag: ADP']
780,['  head_token_index: 6'],"['lemma: ""el""']",['  tag: DET']
781,['  head_token_index: 4'],"['lemma: ""frontera""']",['  tag: NOUN']
782,['  head_token_index: 6'],"['lemma: ""con""']",['  tag: ADP']
783,['  head_token_index: 7'],"['lemma: ""Colombia""']",['  tag: NOUN']
784,['  head_token_index: 5'],"['lemma: ""En""']",['  tag: ADP']
785,[],"['lemma: ""Magdalena""']",['  tag: NOUN']
786,['  head_token_index: 3'],"['lemma: ""cada""']",['  tag: DET']
787,['  head_token_index: 5'],"['lemma: ""día""']",['  tag: NOUN']
788,['  head_token_index: 5'],"['lemma: ""se""']",['  tag: PRON']
789,['  head_token_index: 5'],"['lemma: ""atender""']",['  tag: VERB']
790,['  head_token_index: 7'],"['lemma: ""dos""']",['  tag: NUM']
791,['  head_token_index: 5'],"['lemma: ""parto""']",['  tag: NOUN']
792,['  head_token_index: 7'],"['lemma: ""de""']",['  tag: ADP']
793,['  head_token_index: 8'],"['lemma: ""venezolano""']",['  tag: NOUN']
794,['  head_token_index: 1'],"['lemma: ""5""']",['  tag: NUM']
795,['  head_token_index: 3'],"['lemma: ""mujer""']",['  tag: NOUN']
796,['  head_token_index: 1'],"['lemma: ""venezolano""']",['  tag: ADJ']
797,['  head_token_index: 3'],"['lemma: ""dar""']",['  tag: VERB']
798,['  head_token_index: 3'],"['lemma: ""a""']",['  tag: ADP']
799,['  head_token_index: 4'],"['lemma: ""luz""']",['  tag: NOUN']
800,['  head_token_index: 3'],"['lemma: ""diariamente""']",['  tag: ADV']
801,['  head_token_index: 3'],"['lemma: ""en""']",['  tag: ADP']
802,['  head_token_index: 9'],"['lemma: ""el""']",['  tag: DET']
803,['  head_token_index: 7'],"['lemma: ""Atlántico""']",['  tag: NOUN']
804,['  head_token_index: 1'],"['lemma: ""Ahora""']",['  tag: ADV']
805,['  head_token_index: 2'],"['lemma: ""migrante""']",['  tag: ADJ']
806,['  head_token_index: 2'],"['lemma: ""caminar""']",['  tag: VERB']
807,['  head_token_index: 2'],"['lemma: ""en""']",['  tag: ADP']
808,['  head_token_index: 3'],"['lemma: ""familia""']",['  tag: NOUN']
809,['  head_token_index: 1'],"['lemma: ""Bogotá""']",['  tag: NOUN']
810,['  head_token_index: 1'],"['lemma: ""registrar""']",['  tag: VERB']
811,['  head_token_index: 1'],"['lemma: ""atención""']",['  tag: NOUN']
812,['  head_token_index: 1'],"['lemma: ""a""']",['  tag: ADP']
813,['  head_token_index: 3'],"['lemma: ""más""']",['  tag: ADV']
814,['  head_token_index: 4'],"['lemma: ""de""']",['  tag: ADP']
815,['  head_token_index: 7'],"['lemma: ""cinco""']",['  tag: NUM']
816,['  head_token_index: 5'],"['lemma: ""mil""']",['  tag: NUM']
817,['  head_token_index: 7'],"['lemma: ""venezolano""']",['  tag: ADJ']
818,['  head_token_index: 7'],"['lemma: ""embarazar""']",['  tag: ADJ']
819,['  head_token_index: 2'],"['lemma: ""Ambulancia""']",['  tag: NOUN']
820,[],"['lemma: ""venezolano""']",['  tag: ADJ']
821,['  head_token_index: 2'],"['lemma: ""cruzar""']",['  tag: VERB']
822,['  head_token_index: 2'],"['lemma: ""a""']",['  tag: ADP']
823,['  head_token_index: 3'],"['lemma: ""Brasil""']",['  tag: NOUN']
824,['  head_token_index: 2'],"['lemma: ""con""']",['  tag: ADP']
825,['  head_token_index: 7'],"['lemma: ""cinco""']",['  tag: NUM']
826,['  head_token_index: 5'],"['lemma: ""heridos""']",['  tag: NOUN']
827,['  head_token_index: 5'],"['lemma: ""\\""""']",['  tag: PUNCT']
828,['  head_token_index: 2'],"['lemma: ""El""']",['  tag: DET']
829,['  head_token_index: 5'],"['lemma: ""valentía""']",['  tag: NOUN']
830,['  head_token_index: 2'],"['lemma: ""de""']",['  tag: ADP']
831,['  head_token_index: 3'],"['lemma: ""pueblo""']",['  tag: NOUN']
832,['  head_token_index: 5'],"['lemma: ""hacer""']",['  tag: VERB']
833,['  head_token_index: 5'],"['lemma: ""que""']",['  tag: ADP']
834,['  head_token_index: 8'],"['lemma: ""el""']",['  tag: DET']
835,['  head_token_index: 6'],"['lemma: ""fuerza""']",['  tag: NOUN']
836,['  head_token_index: 8'],"['lemma: ""militar""']",['  tag: ADJ']
837,['  head_token_index: 8'],"['lemma: ""venezolano""']",['  tag: ADJ']
838,['  head_token_index: 8'],"['lemma: ""se""']",['  tag: PRON']
839,['  head_token_index: 5'],"['lemma: ""...""']",['  tag: PUNCT']
840,['  head_token_index: 1'],"['lemma: ""“""']",['  tag: PUNCT']
841,['  head_token_index: 5'],"['lemma: ""Tropa""']",['  tag: NOUN']
842,['  head_token_index: 1'],"['lemma: ""en""']",['  tag: ADP']
843,['  head_token_index: 4'],"['lemma: ""el""']",['  tag: DET']
844,['  head_token_index: 2'],"['lemma: ""frontera""']",['  tag: NOUN']
845,['  head_token_index: 5'],"['lemma: ""mostrar""']",['  tag: VERB']
846,['  head_token_index: 7'],"['lemma: ""el""']",['  tag: DET']
847,['  head_token_index: 5'],"['lemma: ""miedo""']",['  tag: NOUN']
848,['  head_token_index: 7'],"['lemma: ""de""']",['  tag: ADP']
849,['  head_token_index: 8'],"['lemma: ""Maduro""']",['  tag: NOUN']
850,['  head_token_index: 7'],"['lemma: ""”""']",['  tag: PUNCT']
851,['  head_token_index: 7'],"['lemma: "":""']",['  tag: PUNCT']
852,['  head_token_index: 7'],"['lemma: ""líder""']",['  tag: NOUN']
853,['  head_token_index: 5'],"['lemma: ""...""']",['  tag: PUNCT']
854,['  head_token_index: 2'],"['lemma: ""Barco""']",['  tag: NOUN']
855,[],"['lemma: ""venezolano""']",['  tag: ADJ']
856,['  head_token_index: 2'],"['lemma: ""zarpar""']",['  tag: VERB']
857,['  head_token_index: 2'],"['lemma: ""para""']",['  tag: ADP']
858,['  head_token_index: 3'],"['lemma: ""impedir""']",['  tag: VERB']
859,['  head_token_index: 6'],"['lemma: ""que""']",['  tag: ADP']
860,['  head_token_index: 4'],"['lemma: ""llegar""']",['  tag: VERB']
861,['  head_token_index: 6'],"['lemma: ""ayudar""']",['  tag: NOUN']
862,['  head_token_index: 6'],"['lemma: ""desde""']",['  tag: ADP']
863,['  head_token_index: 8'],"['lemma: ""...""']",['  tag: PUNCT']
864,['  head_token_index: 1'],"['lemma: ""Migración""']",['  tag: NOUN']
865,['  head_token_index: 1'],"['lemma: ""afectar""']",['  tag: VERB']
866,['  head_token_index: 3'],"['lemma: ""el""']",['  tag: DET']
867,['  head_token_index: 1'],"['lemma: ""mascota""']",['  tag: NOUN']
868,['  head_token_index: 3'],"['lemma: ""de""']",['  tag: ADP']
869,['  head_token_index: 4'],"['lemma: ""familia""']",['  tag: NOUN']
870,['  head_token_index: 5'],"['lemma: ""venezolano""']",['  tag: ADJ']
871,['  head_token_index: 8'],"['lemma: "",""']",['  tag: PUNCT']
872,['  head_token_index: 3'],"['lemma: ""en""']",['  tag: ADP']
873,['  head_token_index: 8'],"['lemma: ""ambos""']",['  tag: PRON']
874,['  head_token_index: 1'],"['lemma: ""...""']",['  tag: PUNCT']
875,['  head_token_index: 3'],"['lemma: ""En""']",['  tag: ADP']
876,[],"['lemma: ""Cúcuta""']",['  tag: NOUN']
877,['  head_token_index: 3'],"['lemma: ""ahora""']",['  tag: ADV']
878,['  head_token_index: 3'],"['lemma: ""nacer""']",['  tag: VERB']
879,['  head_token_index: 5'],"['lemma: ""más""']",['  tag: ADV']
880,['  head_token_index: 3'],"['lemma: ""bebé""']",['  tag: NOUN']
881,['  head_token_index: 5'],"['lemma: ""venezolano""']",['  tag: ADJ']
882,['  head_token_index: 5'],"['lemma: ""que""']",['  tag: ADP']
883,['  head_token_index: 7'],"['lemma: ""colombiano""']",['  tag: ADJ']
884,['  head_token_index: 1'],"['lemma: ""El""']",['  tag: DET']
885,['  head_token_index: 1'],"['lemma: ""apagón""']",['  tag: NOUN']
886,['  head_token_index: 1'],"['lemma: ""de""']",['  tag: ADP']
887,['  head_token_index: 2'],"['lemma: ""Nicolás""']",['  tag: NOUN']
