"url","Topnqhjebimg","Topnqhjebimg_alt","Topnqhjebimg_link","Llraf","Llraf_link","Xq82ce8frjf 1","Nsa 1","St","Rtnujf","Rtnujf_link","Hgetdedwkif","Xq82ce8frjf 2","Nsa 2","View All","View All_link"
"https://www.google.com/search?client=ubuntu&hs=CB7&channel=fs&q=%22venezolanas%22&tbm=nws&source=univ&tbo=u&sa=X&ved=2ahUKEwi46P2U74PhAhWOzlkKHfzSCUEQt8YBKAF6BAgAEC4&biw=1440&bih=707","https://encrypted-tbn0.gstatic.com/images?q=tbn:ANd9GcQzOGY_eyIoKCdkjXABa38LKZxCZu7MOHH4xK2EX-8T1Ivh5bS6HOww6e7ws1Yj-4uOpdL2O0c","Story image for ""venezolanas"" from El Pitazo (Comunicado de prensa)","http://elpitazo.net/alianzas/autoridades-aeroportuarias-salvaron-a-seis-venezolanas-de-ser-prostituidas-en-china/","Autoridades aeroportuarias salvaron a seis venezolanas de ser ...","http://elpitazo.net/alianzas/autoridades-aeroportuarias-salvaron-a-seis-venezolanas-de-ser-prostituidas-en-china/","El Pitazo (Comunicado de prensa)","16 hours ago","La Guaira.- La esperanza y promesa de un mejor futuro parece mover a las venezolanas hacia nuevas tierras, así estas sean movedizas e ...","Rescatan a seis venezolanas que eran prostituidas en China","https://noticiaaldia.com/2019/03/rescatan-a-seis-venezolanas-que-eran-prostituidas-en-china/","","El Pitazo (Comunicado de prensa); Noticia al Dia","9 hours ago","View all","https://news.google.com/news?ncl=drjUlOPDTiJvzxMMWnN0LPjHNJTCM&q=%22venezolanas%22&lr=English&hl=es&sa=X&ved=0ahUKEwi-g9vk8IPhAhWDqZ4KHQD_BBUQqgIIKTAA"
"https://www.google.com/search?client=ubuntu&hs=CB7&channel=fs&q=%22venezolanas%22&tbm=nws&source=univ&tbo=u&sa=X&ved=2ahUKEwi46P2U74PhAhWOzlkKHfzSCUEQt8YBKAF6BAgAEC4&biw=1440&bih=707","https://encrypted-tbn0.gstatic.com/images?q=tbn:ANd9GcRz4g8Y3qGYg5i1wJ5Hk30P8pGsszQa6j7-s4JabWcX7Imm3qcQ5rX1kBCuD9eWl_rYNibb5Uba","Story image for ""venezolanas"" from Telemundo 25 Washington DC","https://www.telemundowashingtondc.com/noticias/eeuu/El-servicio-de-inteligencia-venezolano-detiene-a-periodista-en-Caracas-507023141.html","Autoridades venezolanas liberan a famoso periodista","https://www.telemundowashingtondc.com/noticias/eeuu/El-servicio-de-inteligencia-venezolano-detiene-a-periodista-en-Caracas-507023141.html","Telemundo 25 Washington DC","Mar 12, 2019","El periodista hispanovenezolano Luis Carlos Díaz, detenido en Caracas por su presunta vinculación con el apagón que afectó a gran parte de ...","Embajada presta apoyo a la familia del periodista español detenido ...","https://www.cope.es/actualidad/internacional/noticias/embajada-presta-apoyo-familia-del-periodista-espanol-detenido-caracas-20190312_371356","Opinion","Telemundo 25 Washington DC; COPE","Mar 12, 2019","",""
"https://www.google.com/search?client=ubuntu&hs=CB7&channel=fs&q=%22venezolanas%22&tbm=nws&source=univ&tbo=u&sa=X&ved=2ahUKEwi46P2U74PhAhWOzlkKHfzSCUEQt8YBKAF6BAgAEC4&biw=1440&bih=707","https://encrypted-tbn0.gstatic.com/images?q=tbn:ANd9GcT1rJvg4zu5zlPdLAJh6yjkOLGpyD3I54VIzHEj53T7IGDxBeXf1mveMWItN5r4qWgwa6aFRE0","Story image for ""venezolanas"" from NotiBoom (Comunicado de prensa) (blog)","https://notiboom.com/migrantes-venezolanas-son-el-principal-objetivo-de-trata-de-blancas-en-peru/","Migrantes venezolanas son el principal objetivo de trata de blancas ...","https://notiboom.com/migrantes-venezolanas-son-el-principal-objetivo-de-trata-de-blancas-en-peru/","NotiBoom (Comunicado de prensa) (blog)","6 hours ago","La mujeres venezolanas terminan en manos de traficantes de personas huyendo de la crisis de Venezuela, según informó la agencia de ...","Mujeres venezolanas caen en la trampa de tratantes de personas en ...","http://www.el-nacional.com/noticias/latinoamerica/mujeres-venezolanas-caen-trampa-tratantes-personas-peru_274658","International","NotiBoom (Comunicado de prensa) (blog); El Nacional.com","17 hours ago","View all","https://news.google.com/news?ncl=doXKH4_tK2cAEmMOJQptJEmxUVFwM&q=%22venezolanas%22&lr=English&hl=es&sa=X&ved=0ahUKEwi-g9vk8IPhAhWDqZ4KHQD_BBUQqgIIMjAC"
"https://www.google.com/search?client=ubuntu&hs=CB7&channel=fs&q=%22venezolanas%22&tbm=nws&source=univ&tbo=u&sa=X&ved=2ahUKEwi46P2U74PhAhWOzlkKHfzSCUEQt8YBKAF6BAgAEC4&biw=1440&bih=707","data:image/jpeg;base64,/9j/4AAQSkZJRgABAQAAAQABAAD/2wCEAAkGBwgHBgkIBwgKCgkLDRYPDQwMDRsUFRAWIB0iIiAdHx8kKDQsJCYxJx8fLT0tMTU3Ojo6Iys/RD84QzQ5OjcBCgoKDQwNGg8PGjclHyU3Nzc3Nzc3Nzc3Nzc3Nzc3Nzc3Nzc3Nzc3Nzc3Nzc3Nzc3Nzc3Nzc3Nzc3Nzc3Nzc3N//AABEIAGQAZAMBIgACEQEDEQH/xAAbAAABBQEBAAAAAAAAAAAAAAAGAAIDBAUBB//EADcQAAIBAwMCBAIHBwUAAAAAAAECAwAEEQUSITFBBhNRYSKhFDJScZGxwQcVI0KB0eEzYrLS8P/EABkBAAMBAQEAAAAAAAAAAAAAAAIDBAEABf/EACERAAICAgIDAQEBAAAAAAAAAAABAhEDISIyBBIxE0JB/9oADAMBAAIRAxEAPwDyy41madRmKJcfZBrc0Lx1q2jLttVgxj+bP96HbeeTTb+G6tGG+IiSNnQEfgeK2NI157ONmNjp91K1wZ2M9vvY8HP3DnpQO4rihial2Yaab4x8SeJZVsYlhLynaqop5/E1JrvgnXLCxlvbi3RkUbpGGDj50NeFtRuLLVIbuwszNOn8ZYoAWwB14HIGKLtY/aBqGuWElotv5Suv8X4zt79z0zTEwa3pnlt8jbzkbcelZ7qfU0U6vrum3tssUGg28EiQGLzlnYsX4y57djx70NXDRyTMLff5X8u/G75VlnMgx7muYPqalkhdG9DjODT4reSVHZQDsUswz2/9+VcCVipPc1q6fq81mm1YYnH++lot6dKvUuzY2t2qqcw3cW9GB4zg/nW1L4ngutOuraLwtoyM6OTcxWoDx7s8g9sZ4+6sNRmnxNcbSPolt+BrHvJ2u5S7AJ7LXGjZV3EHbnG7tmuEBSAQd1aYRc0qmmSMMvllh8PxA9j3A9qVccW3sXePzIzvwOlSC28jS4r8XsHmSStEbZSfNUAfWI+yelWbFXjbvt9Kq6vamGTzl+o/yNYa0W9E1AWr3D/vCe0cwMsbQKTvb7LY6A1JY299fWV9PC6R29vFvm3PsD+ij7Te1YKNyKm+lzeSbfzX8kvv8vcdu7GM49a0w0rqeS9tdzRzvPAoDSBPgWPGBnA457mrehQL/BPljJx25qjp2rS2qTq88pSdQkkYPDrnv91a1nFGqM20M6AgY9R3pUyjDV2WtXtlRs7M8dTiheIXEU05iXBQbm5wMD8+9Emz6SXacfGqjBx2IrMvTGkE0a/D5rhWbrhRz0rMduVIPPFetlIXN7eyMomGTHtYZCjaOcU+0mu4VkiVgBND5fOPqZzV/wAPeH9P1TV47a51JoLMtgyhBuH9DwOaseNfDmlaCy/urVZr3J2kPGBt4+0D+lUTxuLpkSmmY7RWcUKq1w8khGTEDhVPqDVaK2fcXbkAZHP51SBHcVv2lqwtMdzwaANKzLaLaeepGaVXJISzkkUq42jeitQgHFV7+Az2jxLtywwC7BQD65PArSmwYmI9ayZt0ttKi8kg4HvXBGUuh3hxiSywT2vof+9Q3+n/AEJlR54ndhnETo4A+9WIFNFpN1KDHc71P607ygpGBxTMcPYVJ0V1jra0acxo8eecfCD39qzsdxU9m8cc6+dxG/Ujqp9aLLj4aCxT9Z7CBnaOI7lCKy8nFDl7I0lwSrEDA/rRBNbLHCJrq4LW68j0b0HvQ9M3nzSPjG8/CPypPjxuVj/Inxor7pVztcg+1cRLi6JVW3bezyqv/I1YRM4JpGMFW4qqWO1ojUtkKadcCRSyR4zziZD8gaK7SIeTj1BoVtoiLhc7cA5+sM0Y2IPlgei1MORmmEBmD9QaVa5iUu5IHJpVwRC4Yw4/GoPIVeg6jmn21z5g2kYIqQfCcHpmsCoEjbCKZhvQ7SfhGcj5U9jV7UbYJcNKvR+tUsdjVWFcSafY6tcZfhpoOCRT+cU0AjMkrKkTOzKn1QTwM+gqzDLJCG8pgu4YY7QeOveoe4IHsafWKKNtnZpGkdndiXY7mJ7k0wdcdqZn4wKf2okYRQxhb3cGHOTt5zRdppLKw7jP6UKIw8wHPIPFFWkMDuIPV/0qPIqkx8PhPMdr4J5wKVTXMIMmfYUqAMw7W6Xed456ffTp7wDKjseKzJH8sqRULuzyMAcYGaWGXppTJjA3A8EVTli2kkHI+Y++pNNYSXUcbnCvx1oibRjMuFmwV4IIo15H56Z34forQIE/G/8ASuq/xA1e1XTJ9Ol/igFW6OvQ1n1ZCanG0STi4umSHhiB65pu45rh3MNy/WXr70jIrDpg0TZggSZUwOScVpPpNwkXmStGo9Acmsh22jcGAI7ntRI9759tF3LxhiBU3kZZw6j8GOE+xiyLEi4GS+4c+3P+K3dDfcxwejChy43LOwPrWtosm0t7EH50pNvbDaSdILJBubPtSpqscAgZzSrTAOmj+AH0pmmosrXLOOFgY596bLdsyFfLxn3q3o8Un0e7REDG4i2Bs/U9/ely0g47ZkwyFZEYdQwr1PTgs9jBPjlowSe+cUBDw9dFeCD91EVnrNzpOnJbS6eZtgxvEmP0pOWp9R+BvHfsXPEVuJrF1dcseleecj6w5oqvPGCznD6ewwMf6v8AihaSYtI7BMBmJAz0qvxISgmpE/lThN3E4Cc5U1PBbm7mWKJMu3TFVyW6iMZ++tTQ9Wj0yRpJbXzXPQ78YH4VTOUlHirZNBRb5PR6L+z3wjbWc8l5dLFNII9oEoyAT1wK2td0Wy8yOWJIdyx7QEQAKO2KC7T9pMdrwNJZuOcTD+1Of9pv0mXH7obBG0Yl6fKoZwyyhyWy2M8UcmnoDNehaLUGLDliabYMQxHTv+FaGtyfvJ45Uh8oqGyC2c5NZZZ7VtxjyMY64rIPVMGcdtoOLKQfR1zzSoWg8RGOMJ9FJx33/wCKVMFlC8AVuPStfw2SZdp6cVylSZ9RuPuGEKLgcUy/hR4DuHau0qjX0vfwAdUjVLlgo71TxSpV7mPojxcvdnY+a5IKVKmf4LIgNzqp6E16H4X0WyntA8seW9aVKkZRmP6WdX0u0iZQiYFCmuwRxqdopUqhfcu/gHR0pUqVOJT/2Q==","Story image for ""venezolanas"" from CNN","https://cnnespanol.cnn.com/video/la-prostitucion-en-cucuta-de-venezolanas-para-sobrevivir-fernando-del-rincon-pkg/","Así es la prostitución de venezolanas en la frontera con Colombia","https://cnnespanol.cnn.com/video/la-prostitucion-en-cucuta-de-venezolanas-para-sobrevivir-fernando-del-rincon-pkg/","CNN","Feb 14, 2019","“Yo estudié ingeniera civil en Venezuela, mi familia cree que estoy bien”, dice una de las mujeres venezolanas que se prostituyen en Cúcuta, ...","","","","CNN","","",""
"https://www.google.com/search?client=ubuntu&hs=CB7&channel=fs&q=%22venezolanas%22&tbm=nws&source=univ&tbo=u&sa=X&ved=2ahUKEwi46P2U74PhAhWOzlkKHfzSCUEQt8YBKAF6BAgAEC4&biw=1440&bih=707","data:image/jpeg;base64,/9j/4AAQSkZJRgABAQAAAQABAAD/2wCEAAkGBwgHBgkIBwgKCgkLDRYPDQwMDRsUFRAWIB0iIiAdHx8kKDQsJCYxJx8fLT0tMTU3Ojo6Iys/RD84QzQ5OjcBCgoKDQwNGg8PGjclHyU3Nzc3Nzc3Nzc3Nzc3Nzc3Nzc3Nzc3Nzc3Nzc3Nzc3Nzc3Nzc3Nzc3Nzc3Nzc3Nzc3N//AABEIAGQAZAMBIgACEQEDEQH/xAAbAAACAgMBAAAAAAAAAAAAAAAFBgAEAgMHAf/EADcQAAIBAwIEBAQEBQQDAAAAAAECAwAEEQUhEjFBUQYTImEycYGRBxRCsSOhweHwYnKy0RUzQ//EABkBAAIDAQAAAAAAAAAAAAAAAAMEAQIFAP/EACARAAICAgMBAQEBAAAAAAAAAAABAhEDEgQhMUEiMxT/2gAMAwEAAhEDEQA/ADk93dRM7W8nGp8lVVWMgVixyc8zkZBHyq6k6rcwxx3DSo4yXLqw5Hn2z29ulEtz1NVpI7gsfLkgCHfheLiOe+cirEFFbqUXkCmYyCWV0Crw4wFO3cEY58jQabXbyJ5OK7jywXyo0jVgN04gcHPGOI7cjtimRYrxWyDaFiPj8ogjt19zVTVJRpthdajdJZ8MMRaRhGcsByH35DviuJoUvEnjfUNFKW8kaC74eMRvFgupYgFt/TsOQ3zXMdU1a/1S5M9/cyTOSSONiQuTyA5AfKr0zXXiXWJ7u6IEkzcchUbKMYAH0AH0ojF4YtnlVmlkKD4kHX60CeWMfQ2PDKS6Fhckb4rLhwO1dFtNIsolCR2kQ7ZGdq3Podm2cwLy6Cg/6IjC4sjmqqy4ZXORuCDyola6xdwuTK5mViC3mHJOPejepeGIt3tSYz2zsaX7zTri1z5i5A/UOVXU4yKPFKHqGO21WK5QPnhkzgKRy2/vXl0y8KopUsCMkn/O5pc02fhlCnkT6hnnijiw8YLokpO+cYGP8zU6kpm6JyqYRlAyeRr2qUkEStwzJKGA7gVKrRbY7qrK3IissVSBwdq3RzEkK3LvTViBvxSB+MF60Oh2lmj4/M3GXXqyoCf+XDXQK5J+LkxuPEllZoARFbBtu7sf6KPvXS8LJWwR4bt+G048eqQ86a7G0LYJG1DNHtDBbxRsBkc6abKPIHasvI7kamNaxoiWqqoOKz8jI5VdEIxUZeEbVSgmwHuLX0nag13agcQK5zTTNgihF4oINSugsXZzDVrY2moug2BPEtHbSW2NjC0kLGRhuA5APvzqn4tULfIevl705aPo9mmnWjsjOxhQniOxOP709BbRRnT/ADNoXYrR5w0i6eZQzfETIfpsalPABQBY8Ko6YqUTRg9iymsfkhi9eKIOzGIO7uSgOAchTscZ371vi1uGaOWWKW2ZIceYfMYcOeXNd6pxaZd28KwwyakiKPhW8TH09NZSWt4zRmeCZxEBh/NVpHIJOX9IBG+w6VIv0Fk12JbRpEVJHA2QMQWP1UVzjXpjqnjYXMkXlstupZM53GRkHtypyuJ5WAinhdUT+I3HwjIzjAwfegE9i6a7LJKME20ajA/1Pml8uRptDeHGtVJelYC+lfhsVjHCd3k5E9h/3VqLWNRsJkhv7EEHk6OTn64rO9WeMRxWjBAT/EIGWx1wO9CYbLUpbiZr+4njijRmiYKD5jA+kYUbZGOdBik1YZtp9D/pl5FfxZjXhI5qT/Wt0xSMDzWC8XLJxS74avWeYxSFSR+pevz96y8Q3q+aIFTzZcEgcWAB1JqFTL9o3zalYO7LHdxFl5qG3FUZZ4pc+VIjj2NLV5Da2EyTanFMUlHGgQYGCcfM7iiVtZ6fLGbjTuKJ1G+5+xBrpQpF8c7YteMYyLtXYelk2roNhvYW23/xT9hSh4ntTdGzQA5kfgHyP+Gm3TpxPaKQoHAeDblt2pvA1VC3Ig9nL4bzUqGpRxYty61AttGpvOCYEcbeWdxnfpWFxr8AuIfIuIzDn+JlWyflt0o41rARvEn2rU2n2jc7eM/NRVGmCtAufULW6iuQkqOAqGP0nOQ3q6dsUJzJPfnzRhlHD9Of9abk0y2a2mSKGNGZSAeEbEilSOOSG8mSdeGVThh22pTkJp2xzjSTVBDgt0iJdcvnbvVG5YvgxRuCOTO2f5CiNna+ew4ufc1lfzRpG1vaRgyE44270BDf0CWSeVcsRvIfUxPU96r3kIlvjIUVxyKtvmjVhYTOrl+EsPiJIGKoTr+WvQ1yp8gkAuN8dM1yCdNGubTILvhL26uE+HYHh+/Kpb6alncPKIyhl+PJzn3NGZ9OCkunNeYqvMSRhtyKtJsiEVYC1BVF9bNjPCGx7E4H7ZohpMJt7CMN8TZc596r3VuZbiPAJwc7USxgYHKmeMr7BcuVRUV9PCalTFSmzPG2scV6a0yzKnPJJOyjmaG2kuwCVl23I4DvyO9KWqKDrNywIIZgQR19IoxbST3nEISuA2DIRlFx0A/UfflQ7xDbfkru3mDswmUqxdsksOv2I+1L5m5Qsa49RmexzeTD1BNUJ1a4YhBz7b1edFmhXpkb0F0ww2N5ImqQzXVuWykvGSye2Pt/elY9jrZb8mW1URxM426HFVGD4aO4eVkdwzK7E/v09qY5Y9AuIgbTUpYSIgCDIR6u+GHy5UuanNBCxig1A3chyP8A1bDljfbvn6UXU6E7DEeoo+FL+rG3vWmQhnJqtpenO0SPO3E3xEgYArdcYjbANCbCxZrjjJmMh5DlW5h2rxPhHyqE1pYo6xRn5Zuc7Z5UqZqUQEENR8U6JZRsZdUtC4/THIJD9lyaTNU/ELTyrC2gubln2YkiMY7Z3O/U4rmuTWarncnNCeJSdsEpV4PjfifqyRLFp+n2FrEi4AcNIfpuB/Ktng19Q8XeJbu51O6eSSO0bhY7KhJHCABsBsdvn1pCyOtdV/Bi04bXUb1hvJMsQP8ApUZ/d6u4pqiNmuy/YXXmoqnIZdip6VdaHKkrj3FA9SbyNVuDCCCkpDD35n96M2N5FcRgswU8iDWbrTo01K1ZXnhLk5Q8R69arLaRo2TGAaKXJRclXxQK+1iCBgFIZuuDUu/gZS6Ct3eLb2nDx8JI74pN8W6le2IsOFvL88+dw/qKKRjPsxz9BTNo2nTahIt5qKFbdfXHC3N/duy/v+/OfFmq/wDmdfubtWzCD5UP+xeR+pyfrRseH7IVzZqTjEfNN1BJoo5FOY5Bke3tRLNcw0jW5NPQxMhkiJzjO6nuKe9D1SDU7bit5AzJjjU7FfmKYxtp0wLcWrQTzUrGpRSpxc1mp9IqVK4WPCc7V3n8MoI4fCNj5YwXDMxz1LmpUrisvCl4ptoofEcvlrj8xbxzyDu+WTP2VftQC4/hHMZKnPQ1KlI5P6MfxP8ACK0080kZVpnwdtjTB4E0Kxv7uR7pGcx4K5PXvXtSjYkrIytqAQ/E66k0zwpciy4YvMdIWIG/CxwfrjbNcNzUqUeQqjyrFjeXFhOt1ayFJY9/ZvYjqKlSoJR162HnW8cjbFkBOPcVKlSrBT//2Q==","Story image for ""venezolanas"" from Últimas Noticias","http://www.ultimasnoticias.com.ve/noticias/entretenimiento/armando-mendoza-recibe-galardones-internacionales-por-producciones-venezolanas/","Armando Mendoza recibe galardones internacionales por ...","http://www.ultimasnoticias.com.ve/noticias/entretenimiento/armando-mendoza-recibe-galardones-internacionales-por-producciones-venezolanas/","Últimas Noticias","15 hours ago","Debido al trabajo minucioso de la producción y de administración, “Luisa”, un film épico de Juan C Wessolossky logró importantes premios ...","","","","Últimas Noticias","","",""
"https://www.google.com/search?client=ubuntu&hs=CB7&channel=fs&q=%22venezolanas%22&tbm=nws&source=univ&tbo=u&sa=X&ved=2ahUKEwi46P2U74PhAhWOzlkKHfzSCUEQt8YBKAF6BAgAEC4&biw=1440&bih=707","data:image/jpeg;base64,/9j/4AAQSkZJRgABAQAAAQABAAD/2wCEAAkGBwgHBgkIBwgKCgkLDRYPDQwMDRsUFRAWIB0iIiAdHx8kKDQsJCYxJx8fLT0tMTU3Ojo6Iys/RD84QzQ5OjcBCgoKDQwNGg8PGjclHyU3Nzc3Nzc3Nzc3Nzc3Nzc3Nzc3Nzc3Nzc3Nzc3Nzc3Nzc3Nzc3Nzc3Nzc3Nzc3Nzc3N//AABEIAGQAZAMBIgACEQEDEQH/xAAbAAEBAQEAAwEAAAAAAAAAAAAAAQIDBAUGB//EAC4QAAICAQMCAwcEAwAAAAAAAAABAhEDBCExBRIGQVETIjJhcYGhUpHB8SMz0f/EABgBAQEBAQEAAAAAAAAAAAAAAAABAgME/8QAIBEBAAICAQQDAAAAAAAAAAAAAAECAxExBBIikSFRgf/aAAwDAQACEQMRAD8A/Kdd1rVYs88WOOOHa+abf5/4euzdQ1eb/ZqMj+SdL8HjSlbbk7fqyNgG75FEKgLVFkmkm1zwHJuVuizm51aSpAYssfiV8CgBHvJ1xZaBLAqAXAIAAKIKLFdzq6DAgsuwSA6YcftfaVfuQ7vyjm/M9v4VhGXW8ClGM00/cmrjJ1wz6rq3gaGo9/p0ZabJJ7Y8juD/AGto4ZOopitFb/G24pNo3D8+8iHs+r9A6n0addQ0mTHFulkXvQb+Ult9uT1p2raLRuJZmNC3K0lw7M7jcqKgECAAANNxV0r+5JS7vT6IyVxcavzKIXchpAef0TvWvhOHxxkpJ/Tf+D9J0PiHVYsSxdRyYZP4odz7Zxb8uK3+dM+F8GezfV4xydtSVbv5M+6y9LxajLWaDje1yd2vSnycsk4LeGaP13x9PmtXvx+ns49d0WrwTx5NRjzYZxqeDUxq0/Lc/NvG2g0mj1+GXT8MMOnywbSjK909z6TqHQcmmxyli1EJKG8HNpPt/T3N7x9F5Hx3X5znLA38KTr8GMPSYsXnjvuPpjJOXfbeunqmu2TSdpeaBmmKZ6HNQFwCCggA043wT67HREaTCuZEjTTRV29r5u9io3CUoY5Si2pKUaadNcnn4/EHVMeL2cdXNx+aT/v7nrr/AMTr9S/kxZJiJ5hqt7V4l5up6rrtUu3Pqck4riLe37Hi5Mk8iSnNtR4Xoc7ZvFLsn3Un9UIrEcLbJa3Ms1QNybg6qN/QwysC4BEUAACDcZXszdHA1GTQ0rpRmUd9iqSZoDFuKaaTTMUjrKvMx5bAZ+4VJjanfJGqKitt7vclgoEAIBQQAAABUzcZ+pzAHSbLA5moyoDUomZXw22dLtEe7IrkDcoma25KiMgAAAAAAAAAAAAaTfqbAAvkYlwARWAAVAAAf//Z","Story image for ""venezolanas"" from Sputnik Mundo","https://mundo.sputniknews.com/america-latina/201903141086058211-autoridades-venezolanas-trabajan-recuperar-transporte-subterraneo/","Autoridades venezolanas trabajan para recuperar el transporte ...","https://mundo.sputniknews.com/america-latina/201903141086058211-autoridades-venezolanas-trabajan-recuperar-transporte-subterraneo/","Sputnik Mundo","Mar 13, 2019","Las redes eléctricas venezolanas colapsaron en esa jornada tras una avería en el Guri, planta hidroeléctrica que proporciona el 80% del fluido ...","Reactivan el Metro de Caracas tras saboteo eléctrico","https://www.telesurtv.net/news/operaciones-metro-caracas-saboteo-electrico-venezuela-20190314-0020.html","International","Sputnik Mundo; teleSUR TV","19 hours ago","",""
"https://www.google.com/search?client=ubuntu&hs=CB7&channel=fs&q=%22venezolanas%22&tbm=nws&source=univ&tbo=u&sa=X&ved=2ahUKEwi46P2U74PhAhWOzlkKHfzSCUEQt8YBKAF6BAgAEC4&biw=1440&bih=707","data:image/jpeg;base64,/9j/4AAQSkZJRgABAQAAAQABAAD/2wCEAAkGBwgHBgkIBwgKCgkLDRYPDQwMDRsUFRAWIB0iIiAdHx8kKDQsJCYxJx8fLT0tMTU3Ojo6Iys/RD84QzQ5OjcBCgoKDQwNGg8PGjclHyU3Nzc3Nzc3Nzc3Nzc3Nzc3Nzc3Nzc3Nzc3Nzc3Nzc3Nzc3Nzc3Nzc3Nzc3Nzc3Nzc3N//AABEIAGQAZAMBEQACEQEDEQH/xAAbAAAABwEAAAAAAAAAAAAAAAAAAQIEBQYHA//EADgQAAIBAwMBBAgEBAcAAAAAAAECAwAEEQUSITEGIkFRExRhcYGRobEHIzJCssHR8BUkM1JicnP/xAAaAQACAwEBAAAAAAAAAAAAAAAABQMEBgEC/8QAKhEAAgICAQMDAwUBAQAAAAAAAAECAwQREgUhMRNBUSIyYRQjM3HwgZH/2gAMAwEAAhEDEQA/AJPFPjNgxQAYFAB0ADFAAxigA8UADFGwBRsA8UbAGKNgDFGzoeKNnBGK4AdAB4oO6BijYaBijYaDAo2GgYo2AeKA0DFAB4rh3QNtAaBtoDQMUBoTigNB4oDQkyRiURF09IQWCbhnHniuclvR64vWxddOAxQAeK4AMUAHigAYNAA20HQ8UHAYoOh4oARigApWEMDzScRp1bwqOVsIfcz3Cmya3FbMX17XpL/WJLvJMYb8oK20qPMEcg+33UqnNznzHNdahBQL72D1m81X00U0jzwQxr+dKuHDn9uRwRgZ+XNXsayctqXsL8uqENOPlluxVsph4oAGKAHP+H3exXFtKyt02ru+eOlV/wBVXy47Lf6K7jy1/wAOMkbxOUkRkcdVYYIqZSUltFaUJRepITiunkPFADa7vrSyGbu6gg/9JAtcckvJ7UJPwhyACMgjHhXdo5oSqliFXqeBXJSUVthGLm1Fe5VfxT1eSxsY9CtBl5gsksniozjA+Pj7aQObvudhqHFY2OqfdmUpZzy3UdqsLGVnCBR1JJwB781LvS2VUtvRtnZzSE0XThZJhmVsySjpI/jj2DhR/wBauYE5Ti212KfU6YVTit7lruSuKviwPFAA7gKqzAF2CKPEk+VV8i9Upb9y3iYssiT0/HcoOoXkr6ldzxTSJ6Sd3BRyOrE1yMVxSZ4nN8m0y/RhvQQB2dmWGNSz5yxCDPJ685ruPOLTS9mSZdcouMn7oPFWNlPRT/xEvdQsbe1NrcSRW8pZJPRHa27w7w5HGenlVe+Uu2izRGL3tGctIzuXbDOerPyT7yaqeS2nrwbJ2Cc6r2ZtppXO+LMJJ5J28An4YqOzqDpfDWyxV0tXr1N+SXtlG7JJyOgA6/0qx1C5wq4peexX6Vjqy/lv7e5nP4rG6i1+1uJ4AtsYNkUg53sDnB8j0OKVY7T2OcxN8RH4caNPqfaE61eK7WVmpkE7jAkkxgYOOcHJ48h4mvdstR0R41bclLXg0ONWCDeSWPe59vP86b4cOFKQl6lZ6mTJisVZ2UUt9kRU/aDToXdC8rMmdwWJuMdeuKjd0F7kyx7H7HTSddt77VrW2jdreMyAyPNgAgc4zng5xVPKasUX8MYYClU5J+60OJvw2tpIyttq7r3eskIYfMGuLKfujy8CPhSG9hfHVp7trKVWa2uZFEe7/ViLHB+XINUIXum1te45txo3UKL+CVdCpwRj308rsU48kZe2qVU3CS7lV7eWmr32nLbafF6e3ZgZERcuCDn4jil+XBxujc328DTBsU8eVCXfyZe0bxsySoyOpwVYYIPkRXve/BDprsxzZ6re2UZjtLqaFGbcVRsAnz+gqOVcZPbRNXfOtaizcrdFaVVkB2scHBxVjPhzoevYq9Ns9PJj+ew5MMMMgNxIs+xtyl15U4x9qz0V8mrk214IvVLyfVrj1Syn9FaR8XEidSf9o/r4Vfxcf1pbfgX5eWsaHb7md1QKqqucAYGTmnkUorSMxJuUnJ+RQ4xXX4OJ6ezLe0zzWGpyQKFCHzGc44+uM/Gl9OpQWxnlNwtaQx0y7aXUYI7uQmB22vgAcHipJwUo6ZDTdONiaLDfdl9VtpXjtpmlhxlcSEE+wDP091ULoyoepePZjzEsqy47itNeUSHY7Sb/AEnXVkurOYIUZXJB7vjn5/eqls4tFyEZLyXW4njkm2ZwXPdz5+VW8G/hLj7MW9RxfUhyXlDHUY5nty1tdtauneMioGO3x491MMyn1a/yu4q6fkOm7Xs+xjN/F6TULkx3ZmiMp/zEvdLZwc46+PgKqUy3BFzJg1dLbGbrEpws4465XH3qUhSN6bu4DcZ6Z4q83Ga4v3F0ecGpJeBZska19HM7uWGdzHwrNzqUZOPwbGFvqQUvlHG1gtYbYpaBAkcjKwXzPe/nTbpzXBoR9Wi+SkdcUxE4MUAUbtvol7e3sTafaTXDnwijLYBH24z8aoyca7Gn2XkYqE7qoyS212KOyvDKQwKyI2CD1BFSLTRWacXp+UbTpMi3+jWt0ScyJkYPQgcnNVlkepb6E12GX6T0qFk1SfLz/wCjyG8eBkS4O5Bn80nHwpfl4k6HvzEYYedDJ+l9pHC9i9biN3HHsZWzHuGOnjiqsdrui7JLwzu5DkOAMP3seWfCtRTYrK1Ix99Tqtcfgo+qdgBf3svqd2tukpLKjA4z5D++lKcqLx57X2sd4c4ZNepfcv8AbIqH8MNa2d7Ypz09IBVb1o/BbWP+Rx+F+nNLf3WqT72WJNiMxJyx69ev7T8DTiEU5CGcmoNs01mU2gPiBilOR/LL+x7i/wAMP6K5pAki1C8QnKM24g+fnVnBlqSKnUo7gyZxTgQaDCjPJxXiyfCDl8ElVfqWKPyV7Vu18lvd+paT6MsFLNIf2gfc5rP17us3J+TVWRWPSuMfBQpoYnunaaJmZ3LM7nAyfpTVSUUkvYQzi5ycmu7Ln2Q1HbaCzTG2JhIigdVz3gPDp96XZD43RsQ2xYuePKp/7ZbCAfIr1FOpcba9ezM9FzotT8NMe3Kj0StjukdKzbWuxrotNbI60Ia3xnOx2Q/xD+KnPTp7q18Gf6pDVyl8o6OiupVhwfI4q7OMZrjLwL4TlXJSi9NAW71CBRHHslUdGc4PxpPZ02xS/ba1+R5V1Spx/dT3+Bhoa+qdndNttqjEEayKp/TIBz9WNdpyFXe0/DZ6yMX1MWLj5SJBubfjryp+dQZXa6RYwnuiJDWeE1Z1PDPH9Qc17xJamec6PKtkxinhmQ8f2a4/B1eSN1TtHpGjRsJtKJK8Mqwrjn21nJQnCTTWma+uUbYKUXtFUm1PsrrEs8lzphiZl7pRdhB9617irF57niXp/wBE12Q0XSbLEkV2k12VO5EfKqD7PPjrUdkpPsS1RS8Fmwn5kaDmNgc/8T0+oPzpn0+zcXESdVq+tT+R3Gwez2nqtL8lcbpL8jPElypg/wAEdYRBYrtf3CQN8Dx/SrvTpeUL+qQ7JnXFNRMCgCM7OXIvNQuoJI1Mcq7gR4YwPtj5Vnbu72autOMdElt2+kjY8q3WuSk5/UztcVD6Y/2Qk8oh1aByB+sA+416pepHL47gTjLtYjyPFPa5copmZthxm0DFeyI4XUkVqvrUkQcxAkDGaXdRiuCl7jfpMnzlHfbRStX17Qb23m2aeBfY4cx7Dn2ml8IzQ2scGiT7MWVkHt7uO6US43G3yMg++u2Sfg8wivJJx6iF7QJAefWYnTj2DcD81+tT4X8hU6hp1dydtmxvXzrx1COrt/J66bLlQl8DaFhDqiK5/Ln/AC29hPQ1Fi2cZk+XV6lbOroUdkb9Skg++tAmZhrXYLFdOaEaLoP+ETtP6cSDbswB4edZrltmt7a7C75lW+UnhJO6T9qljp/T8kUtr6vgrmsIRdQ9MiQD615q+4ls7wLAoIcg9cA05x32aM9lx+pMXVjZU0ImhSeNo5BlW4xXicI2R4y8Eldk6pKcHpkHeaZY2yj122SSHPEmz7kc0nvx51S3HwaDGzIXx1LtI4pa6XbQNfQEgINy4bgGoObf0stOuK7ob9kZW1PV7y/lQARxLGmPDccn7Uyw6+LbEufbySRbC/o5UPg3dNRdSj2jMk6TPvKH/Rnq2VQunVO8PeKVxensdNbWiVu2Esizp+mdFkHxHP1zWjplygmZTIhwsaOOKl2Qk2Y1yVA4NZto1CbK72gXELkEgqMihSZ3Wyu6q7SRxyucuwVifbXtP69nrX7eizIMrG3iYxTfH8sRZfhCqslIyPtT221y2naO3uEiVWI7qdecVTlbLk0X4Uw4J6JLstqt/qs0L3l3K4kmQOgOFYHAxjyqKycuD7k1VUOa7Ez2zhWKzCRFkQnlVPHWl9XdobW/ax92BjRNDdwO9JO5Y+7A/lTnGX0bM7lvdmieu+IC3ipBHzrzmJOlknT21kR/Ii8ANvk9cVnzSI66cxfR7Xd+xnjHuB4+9PsJt1Ge6jFK7sdc1cF5/9k=","Story image for ""venezolanas"" from El Pitazo (Comunicado de prensa)","http://elpitazo.net/reportajes/telefonicas-venezolanas-ofrecen-wi-fi-y-sms-gratis/","Telefónicas venezolanas ofrecen wifi y SMS gratis","http://elpitazo.net/reportajes/telefonicas-venezolanas-ofrecen-wi-fi-y-sms-gratis/","El Pitazo (Comunicado de prensa)","Mar 12, 2019","A través de un comunicado de prensa, la filial de la empresa telefónica Movistar en Venezuela puso a disposición de sus clientes y de manera ...","","","","El Pitazo (Comunicado de prensa)","","",""
"https://www.google.com/search?client=ubuntu&hs=CB7&channel=fs&q=%22venezolanas%22&tbm=nws&source=univ&tbo=u&sa=X&ved=2ahUKEwi46P2U74PhAhWOzlkKHfzSCUEQt8YBKAF6BAgAEC4&biw=1440&bih=707","data:image/jpeg;base64,/9j/4AAQSkZJRgABAQAAAQABAAD/2wCEAAkGBwgHBgkIBwgKCgkLDRYPDQwMDRsUFRAWIB0iIiAdHx8kKDQsJCYxJx8fLT0tMTU3Ojo6Iys/RD84QzQ5OjcBCgoKDQwNGg8PGjclHyU3Nzc3Nzc3Nzc3Nzc3Nzc3Nzc3Nzc3Nzc3Nzc3Nzc3Nzc3Nzc3Nzc3Nzc3Nzc3Nzc3N//AABEIAGQAZAMBIgACEQEDEQH/xAAcAAABBAMBAAAAAAAAAAAAAAAFAAMEBgECBwj/xAA9EAACAQMDAQYDBQYDCQAAAAABAgMABBEFEiExBhNBUWFxIpGhFFKBsdEjMkLB4fAkYvEVMzRkcpKissL/xAAaAQADAQEBAQAAAAAAAAAAAAABAgMEAAUG/8QAJREAAgIBAwQCAwEAAAAAAAAAAAECEQMSITEEEyJBMlEzYXEF/9oADAMBAAIRAxEAPwC1vfFD1X5Uy2rMhxlMg+X9ap93ql5vOyJyPDBzQPU9Qu5oihWRMnnduUH8as5dQubJKON8HTV18JndGjY8mxmpNv2i092xM7wnzZcj5jP1rjcuqziJLeNiiKcfs25x7mpDau3dqSxDHjnqaCz5EHtxO529xDcJ3lrNFKviyMDiniwxXENO1mWIAiXEqjlkbaRVr0rtlcxYW5IuF/z8MPx/UVSOdP5CPG/R0fcMeFLOaF6RrVlqY2wybZB1jfhv6/hRhQgz1qtp8CUzQGsg0njZW4U4xkGsKrN0FdsChxTxUyCIswUj4cVFt4mkPFE48ooA5PrUskvSHih1UCjCgAUqYaSXP7tKoUy1nEUl0q45juZrZvuzpuX/ALl/Snv9n3DqWtTHdL4m3cP9Ov0qqLcDjJX8qdSfaQwyCOhHhWnH/p54cu/6Sl08HwGZ7KCQ7bq2Qt4h0wf1qDNoNnJ/u+8iPhtbI+tPW+v3qAI84njHRLhQ4+vNS49Xs5D/AIiyaPza2k/+W/WtK6/psn5cYnZyR+Miuz9mZ4ctbypL44/dJ/lUY/arJNtxE6HOdzDqffpV0V7K4/4a+iz9ycGM/PlfrW0tpcRJmSJjGf4h8S/MZFFdL0uf8c6YO7kh8kVLT9a2OvLI4wRzg5/vFdf7Gdo4r+2QXzAleRKfT736/wCtc1vNBsbsZRO5c9GTp8qIdlVudIvI4piHhJwHU/mKyZujzYd+V+ikc0JnbTIJIlkiwyMuVPmKhJE8k3PA9BUDT9VmSCINtkTaAAfbzorBqtq3DqYz6jI+lQjkpbDuFk2OFQBgYrYpWsM0cmTGwYehzWlxcrEufOlVtj7JGWmCnApUNMs7ksHIHtSq3aJ9w8rre3C/xAj1FE4LtGRd/DY54oU6BRk1hLiNiPjQf+IqOSOnYdblhjmBHBNOq6+P0oQkgSJF3KC/IIkU5x5c0+kkgIzux7GpUMFBJ5Pn0NP219cWrBreZ4m80crQZbg56/Wt3umXGFPSuOLTFr0zD/FRRTj7zptPzXH1zUg3tncQuIZJLWYj4WYd6gPrjBxVEbVJ45mHdgr5cg1Mg1VZysfcN3h6Zxj51ojmzRjSk6JuEG+DsGjahbzWdvGbqF5hGAwV+pxzjOD9KKB1BxuA9+KoHZ3syZzBc3srDcgkQRt1Gcfh+dW21ttwCRKFVR7BRXn5+oeKqV2XhBSsKLIySAKSpxkEGn1updwLNuPm1C+5lQgwThjzwPH+8U5azu7sjkdPLxpsfVeSi002dLHta3Da6ku0blkU+S4xSobSrXqZOjzjehVgYuxVf3dw8z/QGoVpZxXU6xJeLGzdDJG2PpmntRmR/wBkdy7WLEjBzxj+/epfZyysri5JlvmiZcKFMBbcT7Gmyu5MEdkSb7sxeo1vBDNbSFIFJG8jlvi8R/mpiHs9rEU2fswGFbBWVDk4PAweuavi24vdUuJYryCH43WMXA2jauB1z5EVKk0257vat3Yynx2Nx0Pjn+VQlrvZDrT7OZyWet265ktLsLjrtLD6ZFa3b3lrOYZbfDKq7soRzgZ+uaueqTLF3lvLJarLAwEkSykup4UZB6ckfOqnrktzNruoTQTho3uZDHsnBG3ccePlijG3yc69DtrEZoVkYYLc0U02BIrmJ2XKhuRjP8x+dM2aN9liMn75XJ96mqNsbNsD4BO0+NezHAu3f6Mbn5HTNBljk0yykiGF+zkKMY6MPU/nRaDu1jZXyFaUg/h0qvdk3D6HYbVCju5lwo4B39KOwuXeWNW2Nv3ofWvns0oxyQcvs3RTcWkPPbwYDQXHxeQxmsSp3d0rZBJ4YjxOKZMzbW71/wBqvRSgNZkfESSMqqTJkADHAHWqZ0qUn6YuO7ol5pVg4pVZNUA8wSkSSuxYDJ9aJaKYobuKU3qJsbvWTZJyFG7wX0oUEOeo99worYWeYJmSa2DmLuxumXhmI9fLdROJmoq8qafFLOsiGPcZV4B3MTnBwehXwrVoC1gscgTDNtGOd3PH/rUmeCG81hNPaRY4FIgVgBlQox588ijBtdLgj+yxzmSVR8LA7iMdenHj9aUFAW1VQJAO7iAljALZ5AJYjj/pFV8xcjMsbeZz1q1albW1vBlZVj3FpMOx8ARnofOqmVUniSIjpxn9KKCW+yULaQKeojH5VLKk20uwgNsIBzjB9/CoTTrb2ys3goPHtVy0fQbW90szfaZ1eWP4W7oEKfPHjxXv5c2PFj0z5aMSg5StE3sOzDQbMSSB3EkoyH355z1FHZXImJ6Hgj5UE7JWslppcUM4kEkdzIH7xCpJwcnHlnxqwEMgxvbpxXy/U4e9FK6PRxz0O6F9t3LiWNHOMZIwaZluWmILkdOAOAKc3tnHePj1H9KqGodsLizvprTuUzE4QefhzWWXSy005lFlV7RLz3wwPYUqpdv2xyhE1rucHGVbH51mtqyR+yFMqdr2YilYMLO3zjcARJgj50Ttez6wqSLS2TgZxCfDxyTV4W2tohtEkII+7k/ypCODH7xJ8lQn50ddhoqJ0yRi0iW1lg/8nGST+K5pWlnfxRlQWjzx8EKgfQVcSkQTiOUkj7oFbBMt+zgYerEUNZ1FSbSry4O+d3eToNyinG0G8kiKbtu7qcCrQY5gfiVB+JpyOO4wGTHUcqucfjQ1jKK9gCx7FaVcbIr62uWXABZJ89PQYq1WmhLZwCK2Wcw4G39ooAA/DNRY4p+8CiYIrdcEJ8zUqKRo7plE0k44+OKZufemnmlP5OwKCjwFbfToZZRNchXJJY7GBAPqR6HypvV9OtobU3Ae4ABxkEfAPP28KHrqP2YmOBNqkkSbl68+/Ph1NPv2klS1bv7MTKB8YjY/F7DBxXJJqmjuASS0aF2cMh/iRiM+9CZ+z2j6jcvcTxzd+wGXEzZby9PLwqyC4sO4t760SZbaQmNomQnBIxz8+vTyre5j0pyGs4SVZcMBmMe+Dz+VZMuKcZeEisJpryRX4tB0FUwLXdjx3yHPyNKi8KtGmxEi2jgZpVLRm+xvEyEQuBsAHlSMKiQ7SwwfA0qVayRmYBZEHJB5OTUeWVoxlcdB19qzSrkd6IzzO2MnrWCzY6mlSqqSEbZiJO+xvZvnUyyAt5tyDJbg7uaVKpt7jo1unLkNhQXIzgU4YVKEEsRtyeevIpUqm2ORZXKRgqAMnHTp/eKwoLyfE7Y8gfKlSrpbRsHsmAHaMMw4pUqVTTYaP//Z","Story image for ""venezolanas"" from LACRONICA.COM","https://www.lacronica.com/Internacional/2019/03/13/1415695-Apagon-provoca-saqueos-en-tiendas-venezolanas.html","Apagón provoca saqueos en tiendas venezolanas","https://www.lacronica.com/Internacional/2019/03/13/1415695-Apagon-provoca-saqueos-en-tiendas-venezolanas.html","LACRONICA.COM","Mar 13, 2019","Ni los fabricantes de hielo se salvaron de la ola de saqueos que se registró en los últimos días en el estado venezolano de Zulia y que dejó ...","Saqueos y destrozos, la otra cara del apagón venezolano","https://tn.com.ar/internacional/saqueos-y-destrozos-la-otra-cara-del-apagon-venezolano_946985","In-Depth","LACRONICA.COM; TN - Todo Noticias","Mar 13, 2019","",""
"https://www.google.com/search?client=ubuntu&hs=CB7&channel=fs&q=%22venezolanas%22&tbm=nws&source=univ&tbo=u&sa=X&ved=2ahUKEwi46P2U74PhAhWOzlkKHfzSCUEQt8YBKAF6BAgAEC4&biw=1440&bih=707","data:image/jpeg;base64,/9j/4AAQSkZJRgABAQAAAQABAAD/2wCEAAkGBwgHBgkIBwgKCgkLDRYPDQwMDRsUFRAWIB0iIiAdHx8kKDQsJCYxJx8fLT0tMTU3Ojo6Iys/RD84QzQ5OjcBCgoKDQwNGg8PGjclHyU3Nzc3Nzc3Nzc3Nzc3Nzc3Nzc3Nzc3Nzc3Nzc3Nzc3Nzc3Nzc3Nzc3Nzc3Nzc3Nzc3N//AABEIAGQAZAMBIgACEQEDEQH/xAAbAAABBQEBAAAAAAAAAAAAAAAFAAIDBAYBB//EADUQAAIBAwMCBAMGBQUAAAAAAAECAwAEEQUSITFBBhMiUWGBkRQycaGxwSMkdLLhFTRikvD/xAAaAQEBAQEBAQEAAAAAAAAAAAAAAQIDBAUG/8QAIBEBAQACAgICAwAAAAAAAAAAAAECEQMhEjEEQQVRYf/aAAwDAQACEQMRAD8AIaDrn2RLkQBVuZUCpKxwQa9D0rVHf7JbOjvmIeZOxB9eAcfmPrXhNrI6uquMnPpb416n4R1LR7SDDXkst3MAWeZcYOBkL7DiuWHXWxvN1d3VmoPFmnNNBbSSMJXwrNswob/NHd9d5qiPU2/gw/1EX94q3vobqb/woP6mL+4Vb31dIsbq6Gqq06IQGbbk4Ge5pwkpoWd1Q3lwLa0ln2lvLQttHfHam+aO5oH4g12zt7a4hF1LHcIM5hXJB9ueO9SzQAeImmuLW9e1aPzZnDSwmQDG0cDHvjJI9q83tr10jmcgGF+MEZOau3l5IZg6TSsfOMhDjOw+5984oHfzMbidhj1PvAC4Xk9h2rnldjr3BVyFZh8ATSqg8gLEnJJ5PNKoJ7VnWRd53HGR3ovFLJj0jBI7jHNZeGU5ALMHHQ54q99rlDgCUAADkd6xliNPa3sltdRTGTZIrZV88j9vyr0rw74lTVFSB/8AchfVjHPxxXiy3LsjZkzjjPXIo/4U1E2N75yziMjGQVzle4rWG8aPXtTf0239VH+tWzMo7/SsfJ4itb57aNZdrrcIcMcZHPSjfnD969Um0tXLq6C7GyBhxyal88+9ZXV/EFrZPsJLPGysyj2J96rJ4zt3kXELeWerbufpTcjPbV3l8trbvK3qKjIXPJ/9msP4j1q3muJVigRnPSVtpYDjp7Dn48mrPiHVY7izMlrKrmMqQNvKnk5B+XT51gp7gZPBPU/P4/lXLky+osPupmDSNlWXHIVvzoNdSM8hkcbEwAoqSSYg54PuO1QyzRy7fMORj2rhGlJ5AD0PypVyUK0hO4j2ApVrY1/jHwXp2j7RpOqST3XJe2uCu9h3IIwPkfzrFLOr7FHLdOa2erSLrfk311OULR4AT7zDrnJ6ZodBpunh2KxlcjAbOSPj0q3KbfRx/Hc2U3Aa386RT5KsVB529aIWMjxuWk3jI7rUw0l9PYTW93/D7uRypz3HSj0Iv/KS4vpGjs22xrKsOExn7o+HPvWtSx4+Thz4svHOdhZu4zsbywNjDJAzkc0Vl1m6XS2ihuZAjDAJ6564zRJNLF1JYvZWFj9mluAqybyN42seQBwODj8KItpmnMW/lY/xA5qarFxYL7ZIlreJISN6r1OOQ1QWb3k7BoY3xg4cIdvHyxWxnsrCKVo7tY5GkYCOJT6sZyB2of4rkfSNMiWylkihaXPkCQ7VbrkfOr1U8Qxob17YCS2nDj1AMhBP79v1oetveecQ8UinGdpXGRjP7VsVZ20uO8e7ngeSLM7xksX98+4zn61UuLSW5C3MWozuzqNkuedpB6H25P1NTRpj53kj3K8TxkcZZSAT8KpXRngRSUKpKuVz3FaZohKN2pMxBkIWMMdinPf5D9Kf4kisNS1V7mzSSG12hEiPpVGVQSST8+nwrPUunScd8fJh/Nl7UqLW9rAodbwHzA3ZiBj6GlWtz9J4f1ZiuGcuMkKGwF9hT2nIBINV4VKwB253ncDXHHfPFcr7fo+LO3jlEI1afRbh3y6McFVPIORRYX+LZYri48y0Ee2OFrj0RPnK5HQ/hQrSfLjgYNyH3DbTbWwudQiTz5GFuZlGA3IA5JA5+uK68cnfb5HzM8ss5scs7nT5LVpJrmdpGm8yS3gY+WzYwNuOgwfxo3BJd3kXJFnBjCqOXI/E1BpWlWOnK32WN+T9+RsseAPYY6URmkeGF5Y29aqSOM9qteNXmSG2WNI8KzyDknJJ98nqcZqh4otWv9NWGNN7iZD1xxnn8iaLtPDOAsEBiVBg5J9X1qFoweopA4eSkaxoAEUABQOBjpQ1Z3e8uEmYMXl4YKABxk8DgVdZQO2KrQi3WSSULIjk+klT97jPHt1pYSqupWkNxA8bDGehHag0dqJdISEAdSRn9/jWjn5DMF3Hk496F20Ya3QYAYDlfbPI/Krro3dgmpaY17cmULsGMAK2KVGHhfd6QhH/ACpVDTN6hLDYTGEtvOS2F5C57Zqi+pxsMCI/9qk8QWrR6iy7l4UZx24qtdaY1vpVlekn+YdxjsAOB9eavhHonzeWTxl6H/Dk8D2881wvEciBMHkZzn8a3cEMYjQiMLlQcYxisl4AgRrK5Z0ViJRgkZxgf5rYqeKlmq5Zclz7qQKPamvkqQO9cLU0tVYNVHDFt3XrxUn400GlmiERk9KikQDnAqQtTX5oHRRpKChA9XQ/GqctsqOwZMMDg1ZRvTx1FKVzIxZjk0FE26k8KPpSq0TSoPO7+NtU1yRYDjz5toPsPf6DNHfGsESaDAqADyZVWPHAAwRQ7wtA76x5sikBIy3Px4oj46c/6XCqjhpxk+3Brpl7kZnpY8DenRmbH3pmOffgVow9AfCqrFoVsFOc5Y89yTRbdXO+256T7/jS3fGoS2ACK6rZoJt1LcKiJruaB+7muGmbiKW6oEDh66c5IqMk13OQDVHTSrmaVEZrQnP2iY9/LX9TT9dlBWFZokmTfnZJnGfkRSpVKfS3pm2OACKNI1JztQYFXY2MhIJ6e1KlRYk74p47UqVA+kKVKqFnrXe1cpVBxulRoxLEdq7Sqh24jpSpUqD/2Q==","Story image for ""venezolanas"" from W Radio","http://www.wradio.com.co/noticias/actualidad/autoridades-venezolanas-admiten-paso-de-estudiantes-y-enfermos-por-puentes-internacionales/20190311/nota/3874844.aspx","Autoridades venezolanas admiten paso de estudiantes y enfermos ...","http://www.wradio.com.co/noticias/actualidad/autoridades-venezolanas-admiten-paso-de-estudiantes-y-enfermos-por-puentes-internacionales/20190311/nota/3874844.aspx","W Radio","Mar 11, 2019","Luego de 17 días de permanecer cerrada la frontera colombo-venezolana, este lunes 11 de marzo las autoridades venezolanas permitieron el ...","","","","W Radio","","",""
"https://www.google.com/search?client=ubuntu&hs=CB7&channel=fs&q=%22venezolanas%22&tbm=nws&source=univ&tbo=u&sa=X&ved=2ahUKEwi46P2U74PhAhWOzlkKHfzSCUEQt8YBKAF6BAgAEC4&biw=1440&bih=707","data:image/jpeg;base64,/9j/4AAQSkZJRgABAQAAAQABAAD/2wCEAAkGBwgHBgkIBwgKCgkLDRYPDQwMDRsUFRAWIB0iIiAdHx8kKDQsJCYxJx8fLT0tMTU3Ojo6Iys/RD84QzQ5OjcBCgoKDQwNGg8PGjclHyU3Nzc3Nzc3Nzc3Nzc3Nzc3Nzc3Nzc3Nzc3Nzc3Nzc3Nzc3Nzc3Nzc3Nzc3Nzc3Nzc3N//AABEIAGQAZAMBIgACEQEDEQH/xAAbAAACAwEBAQAAAAAAAAAAAAAABQMEBgEHAv/EADcQAAIBAwMCBAQFAwIHAAAAAAECAwAEEQUSITFBBhNRcRQiYaEjMoGR0VKx8AfBFSQzQlNy8f/EABkBAAMBAQEAAAAAAAAAAAAAAAECAwQABf/EACIRAAIBAwQDAQEAAAAAAAAAAAABAgMRIQQSMUETUWEjIv/aAAwDAQACEQMRAD8A87vQ0V0yhMqcknB9aks08yU5UYA/NnIr61dyJUK9XHB9cjNc02VzLIjkfLGxI/pGAB/NaVGLbTIttIvDTXSTOxc4612SExqWbtT5B5iqeAStKruB4IHSeTzXHJbFdtSOTFd/NbpbsH2uT/2buaSyzsQVQBV/pH+/rTHwppn/ABvWHhky2ImlPPUgj+aceIfDMljgJFgnnpioyZS64MaHPP1oOMg+vapJYWjk8sr82cYqOWNoiFcEE8j2oXCObS2ha38+23Fip4PXjrTCDW4bCRYXRzsUcj2rNwXlxBE0cMhRWOSR1qJ2YksTk9SSaFSMZpI06fVVNOns7N+fFEFzavt3AKMkMMVnNW1K3nt41todjvh5GPXOOn+cVTGnSCzS6jkz8m4pjFUc55NTjRjB4G1GtrahbZ8AXYnmiuEiiqGUezRrc21pvfafKRsn2wf7VLp9t8PMZdxPGMGnD2sEexVhQBVwBjpyf5qpPe2kKkSSLu/pXk1phDdKzdiDb6G1tIJDjd3zVfUhlSWIHyDr3qO0b8PcvBOCDX1fvIIHymfw2x+xpU8Hdinwy13pHiaH4b5WulaGKXGdu7nOPpgfevQntr26tbi98QFUXpCiMTu+pzXnug+IRb3fm3VrHKIomMQDbSrnjIJ74JH616TfsdQ0WBE1C2vGRcSm3cMFz0yfXH3FRkxnG8keZ38EcmoFs4RvQUj1Fy9yw3BvLATd64rTaups5WCqCwOznsT3rLS/MGYdAx57mhdMtJWdiEUzsrZDZvLKx2P2Xr8pOf8Ab96WHNNdI1GG3WVL3c0ez8MBc4bv+/8AtRwAfIkclvCqxhMqN5U9cjp7DpxVE6ZDaMGQMysrFtwyFHp96saZcqYyMhiCRmvq+gMyguWKDnbng+9c3cYykgAc4zt7e1FTTBTIc0UBS9LLqF1AA0kpweQeM1yDTW6TnavoOtaC7wse4HvxVEY3/O4TPOWz39qaVGUJuPZHyNohguY7aTZJMF2HHzN0q3c6j8U8dva3EYJRstn2wvuaW3tiCWkgeOdnbO2JiWHAGCOtfS6BqMirI9s6xYy2MFsf+vX7VWEbYB9JLvQZ4mdjtSEZJkkfAHoP3xTvQPFkenaVcWd47lgQITjK7NuMfp/nSkt3Hd/DR2t1fSSRxHci+WTtOMDn9aUOhWNyTnGO3vRrU2llDQkaKLd4ivHt7UM/GXZRjGen/wBqPVPBms2aPIIVuIR1eL+Dim3+lulXMlxc6kCVgEZi5/KcEEsT6DGP3ra6trPx1g0Wlh/IQbWuyOGx12A9ffp71hlLYb6NCpqXhHhzRsN24EEHkHtRBjzVDdCcU31pFF4+Fw3du7e9JnBVh78VVO6I1afjk4+jW6iLSzlWESSm9+WPy40GxRgY3McZPtnFQXd8ZPLsoM+dI2G287B/NKobgXbWySBhPuEe9ULs3PBx3PatbYeR4T086vsMt9dOYrUXHBVR+eTHb0H1IqUpuK+sSCbdjPLoE8qrJDYXksbDKv5JO4eooq1N4h1+eVpPjLgZ6BCQKKT9PhTxofReFNdvYyDAkIxhfNlA/XjJFM9P/wBOLhlX4u/hjGOVhjLfc4/tV/wx4pHiK2FsWexvFAzIF+V88DaWGM57Uuu/EXibSLya2gu4b9os7viLcLnkY5GPrzkV6LlFP6YlHosav4GNgljDo91K13cyujSTbRtQROx24U4PH65xWbtre7Hw1leW94sU/KSXEZQou3I7cNz7VzV/HniK4kieWRLB4y3lgQFckgg7W57Hv+9Zq41rVLp/+av7lyBgKXPy/pSSabKpNIb3s09rcy2cs6z+WuFkOGyMdDnoaRLHLqFwIolCiRwCQOF+pqv5hjywznpxWkKy6No8s8S4klXyWcHBUOCCc9iRkfrS1FtwadPRVWMpviJt9Ksnu7C10jT/AMLS0QNPMpwZ/oPoTnr6e1NtbCW9kIYUCoi4UCu+Fvh7bwrpphKsZY0Zj/UWx9h0H0FHijCwnA7Vgqf0etpqyjFWwjyHW+bxzSqUZQ+oprq5zcyH60olOAfStUVg8mtLdUbGfhUsNWRlUZA6+laqe4S/ug915THBWEtkCKOMkAgDrlt5x6YrHabd/AQSyIPnkXCfQ+tMtEvttkUSPfcw5CkYzsJzxn0JP71GcHu3Hae293GUru7kxlGXsWDA/bNFLLu+mEuI2tVAHQ4P8/3oplDA7kr8notgb2XTB8VBZ2jiNBG0EpYjPb8owce9duLT4xD5jfNt/wCp0z9DWB8M65aWNtNHfSXUk7sBGoYlEXjoOgOc1ubfVLO5tFWGfO45Ibg+30qsk0zzJJpmcu9LE8U0UpCojbkZucY788fSsZJE0V6YpFIQs2zceqknHP7V6bqS/hEOAFIOCOmPXNYq4SOdjDEoKj5skcgZ6j0zTRbWWaFlFKEQxTx5iJUODyT+1PYZoLyG906eUI1ztaCRzgB1Jwp9AwYjPris/dJKiN87MvXHeoJ2uDtaSHaWAPpkeuKbUT8kk10a9LWVOlKlPs3/AIG1lYrmx8P6luhkgnIjZ+hXJbafQjnHYgVuPGsKRWpZa8g8MXdxPqUMdxhxGjFWcZZeMcH9a0N94nuJoHtL1y//AI3Y8gehrPKndXRFykuHgyWoMHuZPelMn58ds80wkO6Vj9aXzn8Rh2qvQrZx2y2B+UDAoVjgjjHpXBxRQABz60UYoo2ATwtAhfzYwzFAY+cbSfWrgvMAbQM9AScUqPDDP3p94Y0mHV7ieO4kaMRoGBUc5z/n71Tl2FaXI30XR9V1zQL97edmh84bIi21WA5bB9M446ZHqKj0/TJ7QOLhSGxsAK4xyft2p2ni3TbB5LAbxHCCkTrgoSPbuSTz/bIrKx+J5jfyPOubeQ/lHVPqP4rqllhBiWb+2KMTmlsrsWJkJJ6ZJz0p1dss0YkjYOrDIYdxSO4zk1Efnkn0+8S0ufN4Gcgn6YqG9mWWTcpBFVGNcx6U18WOWCUEjkVRc7pGbsTVp2xGfWqgGBXACugUAZptp+nYxLcgp3UUVbliuVkU0spGUM25c84xRTcXtj3vGOPof4orR+JDyS9E2g2sEmnCaSJHfnllz3pfY7rewvLqB3SVZvLypx8pB4+1FFCS4HQumlIsIYQqBWkeQnHJOAOvpgVXPUUUVnZVD7S/w7WGNfyzHLZ7e1R3QwTRRShRRPJNfNFFE4+ZPy/rUZ4BrlFMuDjR3mmW9kkEsIbc4ydxzVy2RXBjYZR1yVP14rtFdRzTlczTMhJ+HI6KBhWIGaKKKouCx//Z","Story image for ""venezolanas"" from ABC.es","https://www.abc.es/internacional/abci-venezolanas-desbordan-burdeles-cucuta-para-sobrevivir-201902160109_noticia.html","Las venezolanas desbordan los burdeles de Cúcuta para sobrevivir","https://www.abc.es/internacional/abci-venezolanas-desbordan-burdeles-cucuta-para-sobrevivir-201902160109_noticia.html","ABC.es","Feb 15, 2019","En el centro de Cúcuta, en Colombia, se encuentra La Séptima, mejor conocido como barrio El Callejón, una calle muy concurrida donde la ...","","","","ABC.es","","",""
